date,group name,rank
2025-07-23,Alex Coal,1
2025-07-23,Millie Morgan,2
2025-07-23,Katrina Colt,3
2025-07-23,Eva Lovia,4
2025-07-23,Jia Lissa,5
2025-07-23,Chanel Camryn,6
2025-07-23,Adriana Chechik,7
2025-07-23,Abigail Mac,8
2025-07-23,Aidra Fox,9
2025-07-23,Octavia Red,10
2025-07-23,Antonia Sainz,11
2025-07-23,Jessica Ryan,12
2025-07-23,Alexis Crystal,13
2025-07-23,Kira Queen,14
2025-07-23,Tori Black,15
2025-07-23,Cassidy Klein,16
2025-07-23,Josephine Jackson,17
2025-07-23,Sybil A,18
2025-07-23,Vintage,19
2025-07-23,Lady Lyne,20
2025-07-23,Cory Chase,21
2025-07-23,Laney Grey,22
2025-07-23,Nephael,23
2025-07-23,Anya Olsen,24
2025-07-23,Aubree Valentine,25
2025-07-23,Cadence Lux,26
2025-07-23,Little Caprice,27
2025-07-23,Ella Hughes,28
2025-07-23,Lily LaBeau,29
2025-07-23,Anita Rover,30
2025-07-23,Serenity Cox,31
2025-07-23,Betzz,32
2025-07-23,Flashing Emma,33
2025-07-23,REBECCA VOLPETTI,34
2025-07-23,CHARLIE FORDE,35
2025-07-23,Crystal Clark,36
2025-07-23,Full Movies,37
2025-07-23,Stacy Cruz,38
2025-07-23,Lexi Luna,39
2025-07-23,Olive Glass,40
2025-07-23,Jessie and Jackson,41
2025-07-23,Melissa sexy hippies,42
2025-07-23,Katie Kush,43
2025-07-23,Brett Rossi,44
2025-07-23,Nikita Bellucci,45
2025-07-23,Kenzie Love,46
2025-07-23,Lexi Dona,47
2025-07-23,Lily Lou,48
2025-07-23,Dolly Dyson,49
2025-07-23,Penny Barber,50
2025-07-23,Sarah Vandella,51
2025-07-23,Cherry Kiss,52
2025-07-23,Gal Ritchie,53
2025-07-23,Britney Amber,54
2025-07-23,EMILY THORNE,55
2025-07-23,Laure Zecchi,56
2025-07-23,Helena Valle,57
2025-07-23,Annie King,58
2025-07-23,Calita Fire,59
2025-07-23,Dani Daniels,60
2025-07-23,Jadilica - Leo Ahsoka,61
2025-07-23,Casey Calvert,62
2025-07-23,Angel Young💋,63
2025-07-23,Lena Paul,64
2025-07-23,Amirah Adara,65
2025-07-23,Angela White,66
2025-07-23,Lilith - Berta Lusty - Felice Morgan,67
2025-07-23,Bonnie Blue,68
2025-07-23,Emma Klein,69
2025-07-23,Joanna Angel,70
2025-07-23,Cherie Deville,71
2025-07-23,Eve Sweet,72
2025-07-23,Lea Pam,73
2025-07-23,Tiffany Leiddi,74
2025-07-23,Andi Rose,75
2025-07-23,Paige Owens,76
2025-07-23,Sumiko,77
2025-07-23,Hailey Rose,78
2025-07-23,Julia Roca,79
2025-07-23,Helena Price,80
2025-07-23,poppynzach,81
2025-07-23,Mia Malkova,82
2025-07-23,Layla Scarlet,83
2025-07-23,Mia melano,84
2025-07-23,Riley Reid,85
2025-07-23,annaplusone,86
2025-07-23,Freya Parker,87
2025-07-23,Aaliyah Love,88
2025-07-23,Agatha Vega,89
2025-07-23,Nicole Emma Vaunt,90
2025-07-23,Charlotte Stokely,91
2025-07-23,Addison Lee,92
2025-07-23,Ophelia Kaan,93
2025-07-23,Ana B,94
2025-07-23,Marie Berger,95
2025-07-23,Savvy Suxx,96
2025-07-23,Nikki Zee,97
2025-07-23,Olivia Sparkle,98
2025-07-23,Chloe Duval,99
2025-07-23,Jeny Smith,100
2025-07-23,maitland ward,101
2025-07-23,Vanna Bardot,102
2025-07-23,Molly Little,103
2025-07-23,Sata Jones,104
2025-07-23,Sloan Harper,105
2025-07-23,Ava Moore,106
2025-07-23,Sharon White,107
2025-07-23,Innocent hotwife,108
2025-07-23,Jane Wilde,109
2025-07-23,Theodora Day,110
2025-07-23,Eden Moore,111
2025-07-23,Lullabyebye,112
2025-07-23,Lena Coxx,113
2025-07-23,LaSirena69,114
2025-07-23,Leya Desantis,115
2025-07-23,Amelia Ost,116
2025-07-23,Kinuski,117
2025-07-23,Alexa Tomas,118
2025-07-23,Eden Ivy,119
2025-07-23,JULIALEXXX,120
2025-07-23,Charlie Red,121
2025-07-23,Kendra Lust,122
2025-07-23,Veronica Weston,123
2025-07-23,Ivey Passion,124
2025-07-23,Milan Cheek,125
2025-07-23,Emma Ruby,126
2025-07-23,Spencer Bradley,127
2025-07-23,Blake Blossom,128
2025-07-23,Nickey Huntsman,129
2025-07-23,Roxy Muray,130
2025-07-23,Valentina Nappi,131
2025-07-23,Alina Lopez,132
2025-07-23,Erin Moore,133
2025-07-23,Alice adorable,134
2025-07-23,Venus Valencia,135
2025-07-23,Nadia Foxx,136
2025-07-23,Alice Klay,137
2025-07-23,Whitney Wright,138
2025-07-23,Chanel Preston,139
2025-07-23,Slimthick Vic,140
2025-07-23,Melody Mae,141
2025-07-23,Katy Rose,142
2025-07-23,Jeniffer Flex,143
2025-07-23,Nesty,144
2025-07-23,JILL KASSIDY,145
2025-07-23,Sophie Choeur,146
2025-07-23,Pristine Edge,147
2025-07-23,Miriam Sinn Nimfa Nice,148
2025-07-23,Bella Rolland,149
2025-07-23,Stoya,150
2025-07-23,Lucy Mendez,151
2025-07-23,NakedBakers,152
2025-07-23,Jesse Pony,153
2025-07-23,Stella Luxx,154
2025-07-23,Maddy Keys,155
2025-07-23,Alice Drake,156
2025-07-23,Sandy Cheeks,157
2025-07-23,Sveltelana,158
2025-07-23,Anissa Kate,159
2025-07-23,Daruma Rai,160
2025-07-23,Whitney OC,161
2025-07-23,Molly Quinn,162
2025-07-23,KENDRA SUNDERLAND,163
2025-07-23,LIZ RAINBOW,164
2025-07-23,Eva Berger,165
2025-07-23,Jenna Sativa,166
2025-07-23,Barbie Feels,167
2025-07-23,Kayden Kross,168
2025-07-23,Veronica Sanchez,169
2025-07-23,Lottie Magne,170
2025-07-23,Cheerleader Kait,171
2025-07-23,ChihuahuaSU,172
2025-07-23,Cassie Del Isla,173
2025-07-23,Carter Cruise,174
2025-07-23,Alice Nice,175
2025-07-23,Jayde Symz,176
2025-07-23,India Summer,177
2025-07-23,Candy Alexa,178
2025-07-23,Lindsey Lakes,179
2025-07-23,Lola Bredly,180
2025-07-23,Vixi Rafi,181
2025-07-23,Liz Jordan,182
2025-07-23,Angelika Grays,183
2025-07-23,Lilly Bella,184
2025-07-23,Isabella Rose,185
2025-07-23,Victoria Brennan,186
2025-07-23,Gypsy Rose,187
2025-07-23,Mary Rock,188
2025-07-23,Leanne Lace,189
2025-07-23,Clemence Audiard,190
2025-07-23,Casey Nohrman,191
2025-07-23,Mila Pie,192
2025-07-23,Thea Lun,193
2025-07-23,🗂INDEX,194
2025-07-23,Reagan Foxx,195
2025-07-23,Keisha Grey,196
2025-07-23,Kimberly Kane,197
2025-07-23,Bobbi Starr,198
2025-07-23,Dee Vine,199
2025-07-23,Candee Licious,200
2025-07-23,Samantha Bentley,201
2025-07-23,Alexa Grace,202
2025-07-23,Conny Carter,203
2025-07-23,Anny Swix,204
2025-07-23,Ovidie,205
2025-07-23,Alexis Deen,206
2025-07-23,Layla London,207
2025-07-23,Paulina Soul,208
2025-07-23,Jade Nile,209
2025-07-23,Ally Breelsen,210
2025-07-23,Dolly Diore,211
2025-07-23,Krystal Sparks,212
2025-07-23,Gracie Gates,213
2025-07-23,Aften Opal,214
2025-07-23,Alecia Fox,215
2025-07-23,Ambra Dolce,216
2025-07-23,Evelyn Claire,217
2025-07-23,Bree Daniels,218
2025-07-23,Andrea Lapiedra,219
2025-07-23,Naomi Wildman,220
2025-07-23,Loli Pop,221
2025-07-23,Amy Douxxx,222
2025-07-23,Melody Mynx,223
2025-07-23,Lisa Belys,224
2025-07-23,Zlata Shine,225
2025-07-23,Eva Ray,226
2025-07-23,Emily Willis,227
2025-07-23,Sara Rich,228
2025-07-23,Lily Bella,229
2025-07-23,Violet Pretty,230
2025-07-23,Hot Pearl,231
2025-07-23,Nikky Dream,232
2025-07-23,Lucy Foxx,233
2025-07-23,Beverly Hillson,234
2025-07-23,zoebytheriver,235
2025-07-23,Alrox,236
2025-07-23,River Lynn,237
2025-07-23,Jade Valentine,238
2025-07-23,Ivy Ireland,239
2025-07-23,Rose Carter,240
2025-07-23,Ivi Rein,241
2025-07-23,Sydney Paige,242
2025-07-23,Serena Sterling,243
2025-07-23,Kristina Grace,244
2025-07-23,Kaira Love,245
2025-07-23,Talia Mint,246
2025-07-23,Alice Flore,247
2025-07-23,Fiona Frost,248
2025-07-23,Stella Sedona,249
2025-07-23,Sandrillon,250
2025-07-23,Siri Dahl,251
2025-07-23,Cherry Candle,252
2025-07-23,Melena Maria Rya,253
2025-07-23,Silvia Soprano,254
2025-07-23,Melissa Stratton,255
2025-07-23,Sara Heat,256
2025-07-23,Zuzu Sweet,257
2025-07-23,Clea Gaultier,258
2025-07-23,Sara Latina,259
2025-07-23,KRISSY LYNN,260
2025-07-23,Graycee Baybee,261
2025-07-23,Stella Cox,262
2025-07-23,April Olsen,263
2025-07-23,Laura Bentley,264
2025-07-23,Dharma Jones,265
2025-07-23,Remy LaCroix,266
2025-07-23,Kitty Lovedream,267
2025-07-23,Sophia Burns,268
2025-07-23,Julia Morozzi,269
2025-07-23,Isabella D,270
2025-07-23,Renee Rose,271
2025-07-23,Freya von Doom,272
2025-07-23,Anika Now,273
2025-07-23,Violet Joly,274
2025-07-23,Anna Claire Clouds,275
2025-07-23,Hazel Moore,276
2025-07-23,Lucky Bee,277
2025-07-23,Valeria Borghese,278
2025-07-23,Chrissy,279
2025-07-23,Lulu Love,280
2025-07-23,SAHARA SKYE,281
2025-07-23,Alika Alba,282
2025-07-23,Nina Nix,283
2025-07-23,Blue Wave,284
2025-07-23,Claudia Bavel,285
2025-07-23,Rayveness,286
2025-07-23,Stella Bliss,287
2025-07-23,Christy Love,288
2025-07-23,RAVEN LANE,289
2025-07-23,Keira Love,290
2025-07-23,Mina Kali,291
2025-07-23,Serina Gomez,292
2025-07-23,Eliza Ibarra,293
2025-07-23,Aurelly Rebel,294
2025-07-23,Cherry X,295
2025-07-23,Elsa Violet,296
2025-07-23,KittyKristen,297
2025-07-23,PE,298
2025-07-23,Juju la bretonne,299
2025-07-23,Penny Flame,300
2025-07-23,Maddy Nelson,301
2025-07-23,HD,302
2025-07-23,PARADISEHILL.cc CHAT 18+,303
2025-07-23,Rebel Rhyder,304
2025-07-23,Stacy Bloom,305
2025-07-23,Sammyyy Stonerrr,306
2025-07-23,Ava Austen,307
2025-07-23,morgpie,308
2025-07-23,Mira Wair,309
2025-07-23,Public,310
2025-07-23,TUSHY,311
2025-07-23,Georgia Jones,312
2025-07-23,Jillian Janson,313
2025-07-23,Lily Love,314
2025-07-23,Anna De Ville,315
2025-07-23,Mya Lorenn,316
2025-07-23,Merida Sat,317
2025-07-23,Chloe Temple,318
2025-07-23,Lindsay Lee,319
2025-07-23,Nika A,320
2025-07-23,Valkiria Lapiedra,321
2025-07-23,Catherine Knight,322
2025-07-23,Juilie Robbie,323
2025-07-23,Kallie Taylor,324
2025-07-23,Renata Foxx,325
2025-07-23,Madison Moores,326
2025-07-23,Riley Jacobs,327
2025-07-23,cristina plaza aa,328
2025-07-23,Cindy Shine,329
2025-07-23,Eva Cela,330
2025-07-23,Alana Cruise,331
2025-07-23,Lauren Phillips,332
2025-07-23,Alex Coal,1
2025-07-23,Millie Morgan,2
2025-07-23,Katrina Colt,3
2025-07-23,Eva Lovia,4
2025-07-23,Jia Lissa,5
2025-07-23,Chanel Camryn,6
2025-07-23,Adriana Chechik,7
2025-07-23,Abigail Mac,8
2025-07-23,Aidra Fox,9
2025-07-23,Octavia Red,10
2025-07-23,Antonia Sainz,11
2025-07-23,Jessica Ryan,12
2025-07-23,Alexis Crystal,13
2025-07-23,Kira Queen,14
2025-07-23,Tori Black,15
2025-07-23,Cassidy Klein,16
2025-07-23,Josephine Jackson,17
2025-07-23,Sybil A,18
2025-07-23,Vintage,19
2025-07-23,Lady Lyne,20
2025-07-23,Cory Chase,21
2025-07-23,Laney Grey,22
2025-07-23,Nephael,23
2025-07-23,Anya Olsen,24
2025-07-23,Aubree Valentine,25
2025-07-23,Cadence Lux,26
2025-07-23,Little Caprice,27
2025-07-23,Ella Hughes,28
2025-07-23,Lily LaBeau,29
2025-07-23,Anita Rover,30
2025-07-23,Serenity Cox,31
2025-07-23,Betzz,32
2025-07-23,Flashing Emma,33
2025-07-23,REBECCA VOLPETTI,34
2025-07-23,CHARLIE FORDE,35
2025-07-23,Crystal Clark,36
2025-07-23,Full Movies,37
2025-07-23,Stacy Cruz,38
2025-07-23,Lexi Luna,39
2025-07-23,Olive Glass,40
2025-07-23,Jessie and Jackson,41
2025-07-23,Melissa sexy hippies,42
2025-07-23,Katie Kush,43
2025-07-23,Brett Rossi,44
2025-07-23,Nikita Bellucci,45
2025-07-23,Kenzie Love,46
2025-07-23,Lexi Dona,47
2025-07-23,Lily Lou,48
2025-07-23,Dolly Dyson,49
2025-07-23,Penny Barber,50
2025-07-23,Sarah Vandella,51
2025-07-23,Cherry Kiss,52
2025-07-23,Gal Ritchie,53
2025-07-23,Britney Amber,54
2025-07-23,EMILY THORNE,55
2025-07-23,Laure Zecchi,56
2025-07-23,Helena Valle,57
2025-07-23,Annie King,58
2025-07-23,Calita Fire,59
2025-07-23,Dani Daniels,60
2025-07-23,Jadilica - Leo Ahsoka,61
2025-07-23,Casey Calvert,62
2025-07-23,Angel Young💋,63
2025-07-23,Lena Paul,64
2025-07-23,Amirah Adara,65
2025-07-23,Angela White,66
2025-07-23,Lilith - Berta Lusty - Felice Morgan,67
2025-07-23,Bonnie Blue,68
2025-07-23,Emma Klein,69
2025-07-23,Joanna Angel,70
2025-07-23,Cherie Deville,71
2025-07-23,Eve Sweet,72
2025-07-23,Lea Pam,73
2025-07-23,Tiffany Leiddi,74
2025-07-23,Andi Rose,75
2025-07-23,Paige Owens,76
2025-07-23,Sumiko,77
2025-07-23,Hailey Rose,78
2025-07-23,Julia Roca,79
2025-07-23,Helena Price,80
2025-07-23,poppynzach,81
2025-07-23,Mia Malkova,82
2025-07-23,Layla Scarlet,83
2025-07-23,Mia melano,84
2025-07-23,Riley Reid,85
2025-07-23,annaplusone,86
2025-07-23,Freya Parker,87
2025-07-23,Aaliyah Love,88
2025-07-23,Agatha Vega,89
2025-07-23,Nicole Emma Vaunt,90
2025-07-23,Charlotte Stokely,91
2025-07-23,Addison Lee,92
2025-07-23,Ophelia Kaan,93
2025-07-23,Ana B,94
2025-07-23,Marie Berger,95
2025-07-23,Savvy Suxx,96
2025-07-23,Nikki Zee,97
2025-07-23,Olivia Sparkle,98
2025-07-23,Chloe Duval,99
2025-07-23,Jeny Smith,100
2025-07-23,maitland ward,101
2025-07-23,Vanna Bardot,102
2025-07-23,Molly Little,103
2025-07-23,Sata Jones,104
2025-07-23,Sloan Harper,105
2025-07-23,Ava Moore,106
2025-07-23,Sharon White,107
2025-07-23,Innocent hotwife,108
2025-07-23,Jane Wilde,109
2025-07-23,Theodora Day,110
2025-07-23,Eden Moore,111
2025-07-23,Lullabyebye,112
2025-07-23,Lena Coxx,113
2025-07-23,LaSirena69,114
2025-07-23,Leya Desantis,115
2025-07-23,Amelia Ost,116
2025-07-23,Kinuski,117
2025-07-23,Alexa Tomas,118
2025-07-23,Eden Ivy,119
2025-07-23,JULIALEXXX,120
2025-07-23,Charlie Red,121
2025-07-23,Kendra Lust,122
2025-07-23,Veronica Weston,123
2025-07-23,Ivey Passion,124
2025-07-23,Milan Cheek,125
2025-07-23,Emma Ruby,126
2025-07-23,Spencer Bradley,127
2025-07-23,Blake Blossom,128
2025-07-23,Nickey Huntsman,129
2025-07-23,Roxy Muray,130
2025-07-23,Valentina Nappi,131
2025-07-23,Alina Lopez,132
2025-07-23,Erin Moore,133
2025-07-23,Alice adorable,134
2025-07-23,Venus Valencia,135
2025-07-23,Nadia Foxx,136
2025-07-23,Alice Klay,137
2025-07-23,Whitney Wright,138
2025-07-23,Chanel Preston,139
2025-07-23,Slimthick Vic,140
2025-07-23,Melody Mae,141
2025-07-23,Katy Rose,142
2025-07-23,Jeniffer Flex,143
2025-07-23,Nesty,144
2025-07-23,JILL KASSIDY,145
2025-07-23,Sophie Choeur,146
2025-07-23,Pristine Edge,147
2025-07-23,Miriam Sinn Nimfa Nice,148
2025-07-23,Bella Rolland,149
2025-07-23,Stoya,150
2025-07-23,Lucy Mendez,151
2025-07-23,NakedBakers,152
2025-07-23,Jesse Pony,153
2025-07-23,Stella Luxx,154
2025-07-23,Maddy Keys,155
2025-07-23,Alice Drake,156
2025-07-23,Sandy Cheeks,157
2025-07-23,Sveltelana,158
2025-07-23,Anissa Kate,159
2025-07-23,Daruma Rai,160
2025-07-23,Whitney OC,161
2025-07-23,Molly Quinn,162
2025-07-23,KENDRA SUNDERLAND,163
2025-07-23,LIZ RAINBOW,164
2025-07-23,Eva Berger,165
2025-07-23,Jenna Sativa,166
2025-07-23,Barbie Feels,167
2025-07-23,Kayden Kross,168
2025-07-23,Veronica Sanchez,169
2025-07-23,Lottie Magne,170
2025-07-23,Cheerleader Kait,171
2025-07-23,ChihuahuaSU,172
2025-07-23,Cassie Del Isla,173
2025-07-23,Carter Cruise,174
2025-07-23,Alice Nice,175
2025-07-23,Jayde Symz,176
2025-07-23,India Summer,177
2025-07-23,Candy Alexa,178
2025-07-23,Lindsey Lakes,179
2025-07-23,Lola Bredly,180
2025-07-23,Vixi Rafi,181
2025-07-23,Liz Jordan,182
2025-07-23,Angelika Grays,183
2025-07-23,Lilly Bella,184
2025-07-23,Isabella Rose,185
2025-07-23,Victoria Brennan,186
2025-07-23,Gypsy Rose,187
2025-07-23,Mary Rock,188
2025-07-23,Leanne Lace,189
2025-07-23,Clemence Audiard,190
2025-07-23,Casey Nohrman,191
2025-07-23,Mila Pie,192
2025-07-23,Thea Lun,193
2025-07-23,🗂INDEX,194
2025-07-23,Reagan Foxx,195
2025-07-23,Keisha Grey,196
2025-07-23,Kimberly Kane,197
2025-07-23,Bobbi Starr,198
2025-07-23,Dee Vine,199
2025-07-23,Candee Licious,200
2025-07-23,Samantha Bentley,201
2025-07-23,Alexa Grace,202
2025-07-23,Conny Carter,203
2025-07-23,Anny Swix,204
2025-07-23,Ovidie,205
2025-07-23,Alexis Deen,206
2025-07-23,Layla London,207
2025-07-23,Paulina Soul,208
2025-07-23,Jade Nile,209
2025-07-23,Ally Breelsen,210
2025-07-23,Dolly Diore,211
2025-07-23,Krystal Sparks,212
2025-07-23,Gracie Gates,213
2025-07-23,Aften Opal,214
2025-07-23,Alecia Fox,215
2025-07-23,Ambra Dolce,216
2025-07-23,Evelyn Claire,217
2025-07-23,Bree Daniels,218
2025-07-23,Naomi Wildman,219
2025-07-23,Andrea Lapiedra,220
2025-07-23,Loli Pop,221
2025-07-23,Amy Douxxx,222
2025-07-23,Melody Mynx,223
2025-07-23,Zlata Shine,224
2025-07-23,Lisa Belys,225
2025-07-23,Eva Ray,226
2025-07-23,Emily Willis,227
2025-07-23,Sara Rich,228
2025-07-23,Lily Bella,229
2025-07-23,Violet Pretty,230
2025-07-23,Hot Pearl,231
2025-07-23,Nikky Dream,232
2025-07-23,Lucy Foxx,233
2025-07-23,Beverly Hillson,234
2025-07-23,zoebytheriver,235
2025-07-23,Alrox,236
2025-07-23,River Lynn,237
2025-07-23,Jade Valentine,238
2025-07-23,Ivy Ireland,239
2025-07-23,Rose Carter,240
2025-07-23,Ivi Rein,241
2025-07-23,Sydney Paige,242
2025-07-23,Serena Sterling,243
2025-07-23,Kristina Grace,244
2025-07-23,Kaira Love,245
2025-07-23,Talia Mint,246
2025-07-23,Alice Flore,247
2025-07-23,Fiona Frost,248
2025-07-23,Stella Sedona,249
2025-07-23,Sandrillon,250
2025-07-23,Siri Dahl,251
2025-07-23,Cherry Candle,252
2025-07-23,Melena Maria Rya,253
2025-07-23,Silvia Soprano,254
2025-07-23,Melissa Stratton,255
2025-07-23,Sara Heat,256
2025-07-23,Zuzu Sweet,257
2025-07-23,Clea Gaultier,258
2025-07-23,Sara Latina,259
2025-07-23,KRISSY LYNN,260
2025-07-23,Graycee Baybee,261
2025-07-23,Stella Cox,262
2025-07-23,April Olsen,263
2025-07-23,Laura Bentley,264
2025-07-23,Dharma Jones,265
2025-07-23,Remy LaCroix,266
2025-07-23,Kitty Lovedream,267
2025-07-23,Sophia Burns,268
2025-07-23,Julia Morozzi,269
2025-07-23,Isabella D,270
2025-07-23,Renee Rose,271
2025-07-23,Freya von Doom,272
2025-07-23,Anika Now,273
2025-07-23,Violet Joly,274
2025-07-23,Anna Claire Clouds,275
2025-07-23,Lucky Bee,276
2025-07-23,Hazel Moore,277
2025-07-23,Valeria Borghese,278
2025-07-23,Chrissy,279
2025-07-23,Lulu Love,280
2025-07-23,SAHARA SKYE,281
2025-07-23,Alika Alba,282
2025-07-23,Nina Nix,283
2025-07-23,Claudia Bavel,284
2025-07-23,Rayveness,285
2025-07-23,Blue Wave,286
2025-07-23,Stella Bliss,287
2025-07-23,Christy Love,288
2025-07-23,RAVEN LANE,289
2025-07-23,Keira Love,290
2025-07-23,Mina Kali,291
2025-07-23,Serina Gomez,292
2025-07-23,Aurelly Rebel,293
2025-07-23,Eliza Ibarra,294
2025-07-23,Cherry X,295
2025-07-23,Elsa Violet,296
2025-07-23,KittyKristen,297
2025-07-23,PE,298
2025-07-23,Juju la bretonne,299
2025-07-23,Penny Flame,300
2025-07-23,Maddy Nelson,301
2025-07-23,HD,302
2025-07-23,PARADISEHILL.cc CHAT 18+,303
2025-07-23,Rebel Rhyder,304
2025-07-23,Stacy Bloom,305
2025-07-23,Sammyyy Stonerrr,306
2025-07-23,Ava Austen,307
2025-07-23,morgpie,308
2025-07-23,Mira Wair,309
2025-07-23,Public,310
2025-07-23,TUSHY,311
2025-07-23,Georgia Jones,312
2025-07-23,Jillian Janson,313
2025-07-23,Lily Love,314
2025-07-23,Anna De Ville,315
2025-07-23,Mya Lorenn,316
2025-07-23,Merida Sat,317
2025-07-23,Chloe Temple,318
2025-07-23,Lindsay Lee,319
2025-07-23,Nika A,320
2025-07-23,Catherine Knight,321
2025-07-23,Valkiria Lapiedra,322
2025-07-23,Juilie Robbie,323
2025-07-23,Kallie Taylor,324
2025-07-23,Renata Foxx,325
2025-07-23,Madison Moores,326
2025-07-23,Riley Jacobs,327
2025-07-23,cristina plaza aa,328
2025-07-23,Cindy Shine,329
2025-07-23,Eva Cela,330
2025-07-23,Alana Cruise,331
2025-07-23,Lauren Phillips,332
2025-07-23,Alex Coal,1
2025-07-23,Millie Morgan,2
2025-07-23,Katrina Colt,3
2025-07-23,Eva Lovia,4
2025-07-23,Jia Lissa,5
2025-07-23,Chanel Camryn,6
2025-07-23,Adriana Chechik,7
2025-07-23,Abigail Mac,8
2025-07-23,Aidra Fox,9
2025-07-23,Octavia Red,10
2025-07-23,Antonia Sainz,11
2025-07-23,Jessica Ryan,12
2025-07-23,Alexis Crystal,13
2025-07-23,Kira Queen,14
2025-07-23,Tori Black,15
2025-07-23,Cassidy Klein,16
2025-07-23,Josephine Jackson,17
2025-07-23,Sybil A,18
2025-07-23,Vintage,19
2025-07-23,Lady Lyne,20
2025-07-23,Cory Chase,21
2025-07-23,Laney Grey,22
2025-07-23,Nephael,23
2025-07-23,Anya Olsen,24
2025-07-23,Aubree Valentine,25
2025-07-23,Cadence Lux,26
2025-07-23,Little Caprice,27
2025-07-23,Ella Hughes,28
2025-07-23,Lily LaBeau,29
2025-07-23,Anita Rover,30
2025-07-23,Serenity Cox,31
2025-07-23,Betzz,32
2025-07-23,Flashing Emma,33
2025-07-23,REBECCA VOLPETTI,34
2025-07-23,CHARLIE FORDE,35
2025-07-23,Crystal Clark,36
2025-07-23,Full Movies,37
2025-07-23,Stacy Cruz,38
2025-07-23,Lexi Luna,39
2025-07-23,Olive Glass,40
2025-07-23,Jessie and Jackson,41
2025-07-23,Melissa sexy hippies,42
2025-07-23,Katie Kush,43
2025-07-23,Brett Rossi,44
2025-07-23,Nikita Bellucci,45
2025-07-23,Kenzie Love,46
2025-07-23,Lexi Dona,47
2025-07-23,Lily Lou,48
2025-07-23,Dolly Dyson,49
2025-07-23,Penny Barber,50
2025-07-23,Sarah Vandella,51
2025-07-23,Cherry Kiss,52
2025-07-23,Gal Ritchie,53
2025-07-23,Britney Amber,54
2025-07-23,EMILY THORNE,55
2025-07-23,Laure Zecchi,56
2025-07-23,Helena Valle,57
2025-07-23,Annie King,58
2025-07-23,Calita Fire,59
2025-07-23,Dani Daniels,60
2025-07-23,Jadilica - Leo Ahsoka,61
2025-07-23,Casey Calvert,62
2025-07-23,Angel Young💋,63
2025-07-23,Lena Paul,64
2025-07-23,Amirah Adara,65
2025-07-23,Angela White,66
2025-07-23,Lilith - Berta Lusty - Felice Morgan,67
2025-07-23,Bonnie Blue,68
2025-07-23,Emma Klein,69
2025-07-23,Joanna Angel,70
2025-07-23,Cherie Deville,71
2025-07-23,Eve Sweet,72
2025-07-23,Lea Pam,73
2025-07-23,Tiffany Leiddi,74
2025-07-23,Andi Rose,75
2025-07-23,Paige Owens,76
2025-07-23,Sumiko,77
2025-07-23,Hailey Rose,78
2025-07-23,Julia Roca,79
2025-07-23,Helena Price,80
2025-07-23,poppynzach,81
2025-07-23,Mia Malkova,82
2025-07-23,Layla Scarlet,83
2025-07-23,Mia melano,84
2025-07-23,Riley Reid,85
2025-07-23,annaplusone,86
2025-07-23,Freya Parker,87
2025-07-23,Aaliyah Love,88
2025-07-23,Agatha Vega,89
2025-07-23,Nicole Emma Vaunt,90
2025-07-23,Charlotte Stokely,91
2025-07-23,Addison Lee,92
2025-07-23,Ophelia Kaan,93
2025-07-23,Ana B,94
2025-07-23,Marie Berger,95
2025-07-23,Savvy Suxx,96
2025-07-23,Nikki Zee,97
2025-07-23,Olivia Sparkle,98
2025-07-23,Chloe Duval,99
2025-07-23,Jeny Smith,100
2025-07-23,maitland ward,101
2025-07-23,Vanna Bardot,102
2025-07-23,Molly Little,103
2025-07-23,Sata Jones,104
2025-07-23,Sloan Harper,105
2025-07-23,Ava Moore,106
2025-07-23,Sharon White,107
2025-07-23,Innocent hotwife,108
2025-07-23,Jane Wilde,109
2025-07-23,Theodora Day,110
2025-07-23,Eden Moore,111
2025-07-23,Lullabyebye,112
2025-07-23,Lena Coxx,113
2025-07-23,LaSirena69,114
2025-07-23,Leya Desantis,115
2025-07-23,Amelia Ost,116
2025-07-23,Kinuski,117
2025-07-23,Alexa Tomas,118
2025-07-23,Eden Ivy,119
2025-07-23,JULIALEXXX,120
2025-07-23,Charlie Red,121
2025-07-23,Kendra Lust,122
2025-07-23,Veronica Weston,123
2025-07-23,Ivey Passion,124
2025-07-23,Milan Cheek,125
2025-07-23,Emma Ruby,126
2025-07-23,Spencer Bradley,127
2025-07-23,Blake Blossom,128
2025-07-23,Nickey Huntsman,129
2025-07-23,Roxy Muray,130
2025-07-23,Valentina Nappi,131
2025-07-23,Alina Lopez,132
2025-07-23,Erin Moore,133
2025-07-23,Alice adorable,134
2025-07-23,Venus Valencia,135
2025-07-23,Nadia Foxx,136
2025-07-23,Alice Klay,137
2025-07-23,Whitney Wright,138
2025-07-23,Chanel Preston,139
2025-07-23,Slimthick Vic,140
2025-07-23,Melody Mae,141
2025-07-23,Katy Rose,142
2025-07-23,Jeniffer Flex,143
2025-07-23,Nesty,144
2025-07-23,JILL KASSIDY,145
2025-07-23,Sophie Choeur,146
2025-07-23,Pristine Edge,147
2025-07-23,Miriam Sinn Nimfa Nice,148
2025-07-23,Bella Rolland,149
2025-07-23,Stoya,150
2025-07-23,Lucy Mendez,151
2025-07-23,NakedBakers,152
2025-07-23,Jesse Pony,153
2025-07-23,Stella Luxx,154
2025-07-23,Maddy Keys,155
2025-07-23,Alice Drake,156
2025-07-23,Sandy Cheeks,157
2025-07-23,Sveltelana,158
2025-07-23,Anissa Kate,159
2025-07-23,Daruma Rai,160
2025-07-23,Whitney OC,161
2025-07-23,Molly Quinn,162
2025-07-23,KENDRA SUNDERLAND,163
2025-07-23,LIZ RAINBOW,164
2025-07-23,Eva Berger,165
2025-07-23,Jenna Sativa,166
2025-07-23,Barbie Feels,167
2025-07-23,Kayden Kross,168
2025-07-23,Veronica Sanchez,169
2025-07-23,Lottie Magne,170
2025-07-23,Cheerleader Kait,171
2025-07-23,ChihuahuaSU,172
2025-07-23,Cassie Del Isla,173
2025-07-23,Carter Cruise,174
2025-07-23,Alice Nice,175
2025-07-23,Jayde Symz,176
2025-07-23,India Summer,177
2025-07-23,Candy Alexa,178
2025-07-23,Lindsey Lakes,179
2025-07-23,Lola Bredly,180
2025-07-23,Vixi Rafi,181
2025-07-23,Liz Jordan,182
2025-07-23,Angelika Grays,183
2025-07-23,Lilly Bella,184
2025-07-23,Isabella Rose,185
2025-07-23,Victoria Brennan,186
2025-07-23,Gypsy Rose,187
2025-07-23,Mary Rock,188
2025-07-23,Leanne Lace,189
2025-07-23,Clemence Audiard,190
2025-07-23,Casey Nohrman,191
2025-07-23,Mila Pie,192
2025-07-23,Thea Lun,193
2025-07-23,🗂INDEX,194
2025-07-23,Reagan Foxx,195
2025-07-23,Keisha Grey,196
2025-07-23,Kimberly Kane,197
2025-07-23,Bobbi Starr,198
2025-07-23,Dee Vine,199
2025-07-23,Candee Licious,200
2025-07-23,Samantha Bentley,201
2025-07-23,Alexa Grace,202
2025-07-23,Conny Carter,203
2025-07-23,Anny Swix,204
2025-07-23,Ovidie,205
2025-07-23,Alexis Deen,206
2025-07-23,Layla London,207
2025-07-23,Paulina Soul,208
2025-07-23,Jade Nile,209
2025-07-23,Ally Breelsen,210
2025-07-23,Krystal Sparks,211
2025-07-23,Dolly Diore,212
2025-07-23,Gracie Gates,213
2025-07-23,Aften Opal,214
2025-07-23,Alecia Fox,215
2025-07-23,Ambra Dolce,216
2025-07-23,Evelyn Claire,217
2025-07-23,Bree Daniels,218
2025-07-23,Naomi Wildman,219
2025-07-23,Andrea Lapiedra,220
2025-07-23,Loli Pop,221
2025-07-23,Amy Douxxx,222
2025-07-23,Melody Mynx,223
2025-07-23,Zlata Shine,224
2025-07-23,Lisa Belys,225
2025-07-23,Eva Ray,226
2025-07-23,Emily Willis,227
2025-07-23,Sara Rich,228
2025-07-23,Lily Bella,229
2025-07-23,Violet Pretty,230
2025-07-23,Hot Pearl,231
2025-07-23,Nikky Dream,232
2025-07-23,Lucy Foxx,233
2025-07-23,Beverly Hillson,234
2025-07-23,zoebytheriver,235
2025-07-23,Alrox,236
2025-07-23,River Lynn,237
2025-07-23,Jade Valentine,238
2025-07-23,Ivy Ireland,239
2025-07-23,Rose Carter,240
2025-07-23,Ivi Rein,241
2025-07-23,Sydney Paige,242
2025-07-23,Serena Sterling,243
2025-07-23,Kristina Grace,244
2025-07-23,Kaira Love,245
2025-07-23,Talia Mint,246
2025-07-23,Alice Flore,247
2025-07-23,Fiona Frost,248
2025-07-23,Stella Sedona,249
2025-07-23,Sandrillon,250
2025-07-23,Siri Dahl,251
2025-07-23,Cherry Candle,252
2025-07-23,Melena Maria Rya,253
2025-07-23,Silvia Soprano,254
2025-07-23,Melissa Stratton,255
2025-07-23,Sara Heat,256
2025-07-23,Zuzu Sweet,257
2025-07-23,Clea Gaultier,258
2025-07-23,Sara Latina,259
2025-07-23,KRISSY LYNN,260
2025-07-23,Graycee Baybee,261
2025-07-23,Stella Cox,262
2025-07-23,April Olsen,263
2025-07-23,Laura Bentley,264
2025-07-23,Dharma Jones,265
2025-07-23,Kitty Lovedream,266
2025-07-23,Remy LaCroix,267
2025-07-23,Sophia Burns,268
2025-07-23,Julia Morozzi,269
2025-07-23,Isabella D,270
2025-07-23,Renee Rose,271
2025-07-23,Freya von Doom,272
2025-07-23,Anika Now,273
2025-07-23,Violet Joly,274
2025-07-23,Anna Claire Clouds,275
2025-07-23,Lucky Bee,276
2025-07-23,Hazel Moore,277
2025-07-23,Valeria Borghese,278
2025-07-23,Chrissy,279
2025-07-23,Lulu Love,280
2025-07-23,SAHARA SKYE,281
2025-07-23,Alika Alba,282
2025-07-23,Nina Nix,283
2025-07-23,Claudia Bavel,284
2025-07-23,Rayveness,285
2025-07-23,Blue Wave,286
2025-07-23,Stella Bliss,287
2025-07-23,Christy Love,288
2025-07-23,RAVEN LANE,289
2025-07-23,Keira Love,290
2025-07-23,Mina Kali,291
2025-07-23,Serina Gomez,292
2025-07-23,Aurelly Rebel,293
2025-07-23,Eliza Ibarra,294
2025-07-23,Cherry X,295
2025-07-23,Elsa Violet,296
2025-07-23,KittyKristen,297
2025-07-23,PE,298
2025-07-23,Juju la bretonne,299
2025-07-23,Penny Flame,300
2025-07-23,Maddy Nelson,301
2025-07-23,HD,302
2025-07-23,PARADISEHILL.cc CHAT 18+,303
2025-07-23,Rebel Rhyder,304
2025-07-23,Stacy Bloom,305
2025-07-23,Sammyyy Stonerrr,306
2025-07-23,Ava Austen,307
2025-07-23,morgpie,308
2025-07-23,Mira Wair,309
2025-07-23,Public,310
2025-07-23,TUSHY,311
2025-07-23,Georgia Jones,312
2025-07-23,Jillian Janson,313
2025-07-23,Lily Love,314
2025-07-23,Anna De Ville,315
2025-07-23,Mya Lorenn,316
2025-07-23,Merida Sat,317
2025-07-23,Chloe Temple,318
2025-07-23,Lindsay Lee,319
2025-07-23,Nika A,320
2025-07-23,Catherine Knight,321
2025-07-23,Valkiria Lapiedra,322
2025-07-23,Juilie Robbie,323
2025-07-23,Kallie Taylor,324
2025-07-23,Renata Foxx,325
2025-07-23,Madison Moores,326
2025-07-23,Riley Jacobs,327
2025-07-23,cristina plaza aa,328
2025-07-23,Cindy Shine,329
2025-07-23,Eva Cela,330
2025-07-23,Alana Cruise,331
2025-07-23,Lauren Phillips,332
2025-07-23,Alex Coal,1
2025-07-23,Millie Morgan,2
2025-07-23,Katrina Colt,3
2025-07-23,Eva Lovia,4
2025-07-23,Jia Lissa,5
2025-07-23,Chanel Camryn,6
2025-07-23,Adriana Chechik,7
2025-07-23,Abigail Mac,8
2025-07-23,Aidra Fox,9
2025-07-23,Octavia Red,10
2025-07-23,Antonia Sainz,11
2025-07-23,Jessica Ryan,12
2025-07-23,Alexis Crystal,13
2025-07-23,Kira Queen,14
2025-07-23,Tori Black,15
2025-07-23,Cassidy Klein,16
2025-07-23,Josephine Jackson,17
2025-07-23,Sybil A,18
2025-07-23,Vintage,19
2025-07-23,Lady Lyne,20
2025-07-23,Cory Chase,21
2025-07-23,Laney Grey,22
2025-07-23,Nephael,23
2025-07-23,Anya Olsen,24
2025-07-23,Aubree Valentine,25
2025-07-23,Cadence Lux,26
2025-07-23,Little Caprice,27
2025-07-23,Ella Hughes,28
2025-07-23,Lily LaBeau,29
2025-07-23,Anita Rover,30
2025-07-23,Serenity Cox,31
2025-07-23,Betzz,32
2025-07-23,Flashing Emma,33
2025-07-23,REBECCA VOLPETTI,34
2025-07-23,CHARLIE FORDE,35
2025-07-23,Crystal Clark,36
2025-07-23,Full Movies,37
2025-07-23,Stacy Cruz,38
2025-07-23,Lexi Luna,39
2025-07-23,Olive Glass,40
2025-07-23,Jessie and Jackson,41
2025-07-23,Melissa sexy hippies,42
2025-07-23,Katie Kush,43
2025-07-23,Brett Rossi,44
2025-07-23,Nikita Bellucci,45
2025-07-23,Kenzie Love,46
2025-07-23,Lexi Dona,47
2025-07-23,Lily Lou,48
2025-07-23,Dolly Dyson,49
2025-07-23,Penny Barber,50
2025-07-23,Sarah Vandella,51
2025-07-23,Cherry Kiss,52
2025-07-23,Gal Ritchie,53
2025-07-23,Britney Amber,54
2025-07-23,EMILY THORNE,55
2025-07-23,Laure Zecchi,56
2025-07-23,Helena Valle,57
2025-07-23,Annie King,58
2025-07-23,Calita Fire,59
2025-07-23,Dani Daniels,60
2025-07-23,Jadilica - Leo Ahsoka,61
2025-07-23,Casey Calvert,62
2025-07-23,Angel Young💋,63
2025-07-23,Lena Paul,64
2025-07-23,Amirah Adara,65
2025-07-23,Angela White,66
2025-07-23,Lilith - Berta Lusty - Felice Morgan,67
2025-07-23,Bonnie Blue,68
2025-07-23,Emma Klein,69
2025-07-23,Joanna Angel,70
2025-07-23,Cherie Deville,71
2025-07-23,Eve Sweet,72
2025-07-23,Lea Pam,73
2025-07-23,Tiffany Leiddi,74
2025-07-23,Andi Rose,75
2025-07-23,Paige Owens,76
2025-07-23,Sumiko,77
2025-07-23,Hailey Rose,78
2025-07-23,Julia Roca,79
2025-07-23,Helena Price,80
2025-07-23,poppynzach,81
2025-07-23,Mia Malkova,82
2025-07-23,Layla Scarlet,83
2025-07-23,Mia melano,84
2025-07-23,Riley Reid,85
2025-07-23,annaplusone,86
2025-07-23,Freya Parker,87
2025-07-23,Aaliyah Love,88
2025-07-23,Agatha Vega,89
2025-07-23,Nicole Emma Vaunt,90
2025-07-23,Charlotte Stokely,91
2025-07-23,Addison Lee,92
2025-07-23,Ophelia Kaan,93
2025-07-23,Ana B,94
2025-07-23,Marie Berger,95
2025-07-23,Savvy Suxx,96
2025-07-23,Nikki Zee,97
2025-07-23,Olivia Sparkle,98
2025-07-23,Chloe Duval,99
2025-07-23,Jeny Smith,100
2025-07-23,maitland ward,101
2025-07-23,Vanna Bardot,102
2025-07-23,Molly Little,103
2025-07-23,Sata Jones,104
2025-07-23,Sloan Harper,105
2025-07-23,Ava Moore,106
2025-07-23,Sharon White,107
2025-07-23,Innocent hotwife,108
2025-07-23,Jane Wilde,109
2025-07-23,Theodora Day,110
2025-07-23,Eden Moore,111
2025-07-23,Lullabyebye,112
2025-07-23,Lena Coxx,113
2025-07-23,LaSirena69,114
2025-07-23,Leya Desantis,115
2025-07-23,Amelia Ost,116
2025-07-23,Kinuski,117
2025-07-23,Alexa Tomas,118
2025-07-23,Eden Ivy,119
2025-07-23,JULIALEXXX,120
2025-07-23,Charlie Red,121
2025-07-23,Kendra Lust,122
2025-07-23,Veronica Weston,123
2025-07-23,Ivey Passion,124
2025-07-23,Milan Cheek,125
2025-07-23,Emma Ruby,126
2025-07-23,Spencer Bradley,127
2025-07-23,Blake Blossom,128
2025-07-23,Nickey Huntsman,129
2025-07-23,Roxy Muray,130
2025-07-23,Valentina Nappi,131
2025-07-23,Alina Lopez,132
2025-07-23,Erin Moore,133
2025-07-23,Alice adorable,134
2025-07-23,Venus Valencia,135
2025-07-23,Nadia Foxx,136
2025-07-23,Alice Klay,137
2025-07-23,Whitney Wright,138
2025-07-23,Chanel Preston,139
2025-07-23,Slimthick Vic,140
2025-07-23,Melody Mae,141
2025-07-23,Katy Rose,142
2025-07-23,Jeniffer Flex,143
2025-07-23,Nesty,144
2025-07-23,JILL KASSIDY,145
2025-07-23,Sophie Choeur,146
2025-07-23,Pristine Edge,147
2025-07-23,Miriam Sinn Nimfa Nice,148
2025-07-23,Bella Rolland,149
2025-07-23,Stoya,150
2025-07-23,Lucy Mendez,151
2025-07-23,NakedBakers,152
2025-07-23,Jesse Pony,153
2025-07-23,Stella Luxx,154
2025-07-23,Maddy Keys,155
2025-07-23,Alice Drake,156
2025-07-23,Sandy Cheeks,157
2025-07-23,Sveltelana,158
2025-07-23,Anissa Kate,159
2025-07-23,Daruma Rai,160
2025-07-23,Whitney OC,161
2025-07-23,Molly Quinn,162
2025-07-23,KENDRA SUNDERLAND,163
2025-07-23,LIZ RAINBOW,164
2025-07-23,Eva Berger,165
2025-07-23,Jenna Sativa,166
2025-07-23,Barbie Feels,167
2025-07-23,Kayden Kross,168
2025-07-23,Veronica Sanchez,169
2025-07-23,Lottie Magne,170
2025-07-23,Cheerleader Kait,171
2025-07-23,ChihuahuaSU,172
2025-07-23,Cassie Del Isla,173
2025-07-23,Carter Cruise,174
2025-07-23,Alice Nice,175
2025-07-23,Jayde Symz,176
2025-07-23,India Summer,177
2025-07-23,Candy Alexa,178
2025-07-23,Lindsey Lakes,179
2025-07-23,Lola Bredly,180
2025-07-23,Vixi Rafi,181
2025-07-23,Liz Jordan,182
2025-07-23,Angelika Grays,183
2025-07-23,Lilly Bella,184
2025-07-23,Isabella Rose,185
2025-07-23,Victoria Brennan,186
2025-07-23,Gypsy Rose,187
2025-07-23,Mary Rock,188
2025-07-23,Leanne Lace,189
2025-07-23,Clemence Audiard,190
2025-07-23,Casey Nohrman,191
2025-07-23,Mila Pie,192
2025-07-23,Thea Lun,193
2025-07-23,🗂INDEX,194
2025-07-23,Reagan Foxx,195
2025-07-23,Keisha Grey,196
2025-07-23,Kimberly Kane,197
2025-07-23,Bobbi Starr,198
2025-07-23,Dee Vine,199
2025-07-23,Candee Licious,200
2025-07-23,Samantha Bentley,201
2025-07-23,Alexa Grace,202
2025-07-23,Conny Carter,203
2025-07-23,Anny Swix,204
2025-07-23,Ovidie,205
2025-07-23,Alexis Deen,206
2025-07-23,Layla London,207
2025-07-23,Paulina Soul,208
2025-07-23,Jade Nile,209
2025-07-23,Ally Breelsen,210
2025-07-23,Krystal Sparks,211
2025-07-23,Dolly Diore,212
2025-07-23,Gracie Gates,213
2025-07-23,Aften Opal,214
2025-07-23,Alecia Fox,215
2025-07-23,Ambra Dolce,216
2025-07-23,Evelyn Claire,217
2025-07-23,Bree Daniels,218
2025-07-23,Naomi Wildman,219
2025-07-23,Andrea Lapiedra,220
2025-07-23,Loli Pop,221
2025-07-23,Amy Douxxx,222
2025-07-23,Melody Mynx,223
2025-07-23,Zlata Shine,224
2025-07-23,Lisa Belys,225
2025-07-23,Eva Ray,226
2025-07-23,Emily Willis,227
2025-07-23,Sara Rich,228
2025-07-23,Lily Bella,229
2025-07-23,Violet Pretty,230
2025-07-23,Hot Pearl,231
2025-07-23,Nikky Dream,232
2025-07-23,Lucy Foxx,233
2025-07-23,Beverly Hillson,234
2025-07-23,zoebytheriver,235
2025-07-23,Alrox,236
2025-07-23,River Lynn,237
2025-07-23,Jade Valentine,238
2025-07-23,Ivy Ireland,239
2025-07-23,Rose Carter,240
2025-07-23,Ivi Rein,241
2025-07-23,Sydney Paige,242
2025-07-23,Serena Sterling,243
2025-07-23,Kristina Grace,244
2025-07-23,Kaira Love,245
2025-07-23,Talia Mint,246
2025-07-23,Alice Flore,247
2025-07-23,Fiona Frost,248
2025-07-23,Stella Sedona,249
2025-07-23,Sandrillon,250
2025-07-23,Siri Dahl,251
2025-07-23,Cherry Candle,252
2025-07-23,Melena Maria Rya,253
2025-07-23,Silvia Soprano,254
2025-07-23,Melissa Stratton,255
2025-07-23,Sara Heat,256
2025-07-23,Zuzu Sweet,257
2025-07-23,Clea Gaultier,258
2025-07-23,Sara Latina,259
2025-07-23,KRISSY LYNN,260
2025-07-23,Graycee Baybee,261
2025-07-23,Stella Cox,262
2025-07-23,April Olsen,263
2025-07-23,Laura Bentley,264
2025-07-23,Dharma Jones,265
2025-07-23,Kitty Lovedream,266
2025-07-23,Remy LaCroix,267
2025-07-23,Sophia Burns,268
2025-07-23,Julia Morozzi,269
2025-07-23,Isabella D,270
2025-07-23,Renee Rose,271
2025-07-23,Freya von Doom,272
2025-07-23,Anika Now,273
2025-07-23,Violet Joly,274
2025-07-23,Anna Claire Clouds,275
2025-07-23,Lucky Bee,276
2025-07-23,Hazel Moore,277
2025-07-23,Valeria Borghese,278
2025-07-23,Chrissy,279
2025-07-23,Lulu Love,280
2025-07-23,SAHARA SKYE,281
2025-07-23,Alika Alba,282
2025-07-23,Nina Nix,283
2025-07-23,Claudia Bavel,284
2025-07-23,Rayveness,285
2025-07-23,Blue Wave,286
2025-07-23,Stella Bliss,287
2025-07-23,Christy Love,288
2025-07-23,RAVEN LANE,289
2025-07-23,Keira Love,290
2025-07-23,Mina Kali,291
2025-07-23,Serina Gomez,292
2025-07-23,Aurelly Rebel,293
2025-07-23,Eliza Ibarra,294
2025-07-23,Cherry X,295
2025-07-23,Elsa Violet,296
2025-07-23,KittyKristen,297
2025-07-23,PE,298
2025-07-23,Juju la bretonne,299
2025-07-23,Penny Flame,300
2025-07-23,Maddy Nelson,301
2025-07-23,HD,302
2025-07-23,PARADISEHILL.cc CHAT 18+,303
2025-07-23,Rebel Rhyder,304
2025-07-23,Stacy Bloom,305
2025-07-23,Sammyyy Stonerrr,306
2025-07-23,Ava Austen,307
2025-07-23,morgpie,308
2025-07-23,Mira Wair,309
2025-07-23,Public,310
2025-07-23,TUSHY,311
2025-07-23,Georgia Jones,312
2025-07-23,Jillian Janson,313
2025-07-23,Lily Love,314
2025-07-23,Anna De Ville,315
2025-07-23,Mya Lorenn,316
2025-07-23,Merida Sat,317
2025-07-23,Chloe Temple,318
2025-07-23,Lindsay Lee,319
2025-07-23,Nika A,320
2025-07-23,Catherine Knight,321
2025-07-23,Valkiria Lapiedra,322
2025-07-23,Juilie Robbie,323
2025-07-23,Kallie Taylor,324
2025-07-23,Renata Foxx,325
2025-07-23,Madison Moores,326
2025-07-23,Riley Jacobs,327
2025-07-23,cristina plaza aa,328
2025-07-23,Cindy Shine,329
2025-07-23,Eva Cela,330
2025-07-23,Alana Cruise,331
2025-07-23,Lauren Phillips,332
2025-07-23,Alex Coal,1
2025-07-23,Millie Morgan,2
2025-07-23,Katrina Colt,3
2025-07-23,Eva Lovia,4
2025-07-23,Jia Lissa,5
2025-07-23,Chanel Camryn,6
2025-07-23,Adriana Chechik,7
2025-07-23,Abigail Mac,8
2025-07-23,Aidra Fox,9
2025-07-23,Octavia Red,10
2025-07-23,Antonia Sainz,11
2025-07-23,Jessica Ryan,12
2025-07-23,Alexis Crystal,13
2025-07-23,Kira Queen,14
2025-07-23,Tori Black,15
2025-07-23,Cassidy Klein,16
2025-07-23,Josephine Jackson,17
2025-07-23,Sybil A,18
2025-07-23,Vintage,19
2025-07-23,Lady Lyne,20
2025-07-23,Cory Chase,21
2025-07-23,Laney Grey,22
2025-07-23,Nephael,23
2025-07-23,Anya Olsen,24
2025-07-23,Aubree Valentine,25
2025-07-23,Cadence Lux,26
2025-07-23,Little Caprice,27
2025-07-23,Ella Hughes,28
2025-07-23,Lily LaBeau,29
2025-07-23,Anita Rover,30
2025-07-23,Serenity Cox,31
2025-07-23,Betzz,32
2025-07-23,Flashing Emma,33
2025-07-23,REBECCA VOLPETTI,34
2025-07-23,CHARLIE FORDE,35
2025-07-23,Crystal Clark,36
2025-07-23,Full Movies,37
2025-07-23,Stacy Cruz,38
2025-07-23,Lexi Luna,39
2025-07-23,Olive Glass,40
2025-07-23,Jessie and Jackson,41
2025-07-23,Melissa sexy hippies,42
2025-07-23,Katie Kush,43
2025-07-23,Brett Rossi,44
2025-07-23,Nikita Bellucci,45
2025-07-23,Kenzie Love,46
2025-07-23,Lexi Dona,47
2025-07-23,Lily Lou,48
2025-07-23,Dolly Dyson,49
2025-07-23,Penny Barber,50
2025-07-23,Sarah Vandella,51
2025-07-23,Cherry Kiss,52
2025-07-23,Gal Ritchie,53
2025-07-23,Britney Amber,54
2025-07-23,EMILY THORNE,55
2025-07-23,Laure Zecchi,56
2025-07-23,Helena Valle,57
2025-07-23,Annie King,58
2025-07-23,Calita Fire,59
2025-07-23,Dani Daniels,60
2025-07-23,Jadilica - Leo Ahsoka,61
2025-07-23,Casey Calvert,62
2025-07-23,Angel Young💋,63
2025-07-23,Lena Paul,64
2025-07-23,Amirah Adara,65
2025-07-23,Angela White,66
2025-07-23,Lilith - Berta Lusty - Felice Morgan,67
2025-07-23,Bonnie Blue,68
2025-07-23,Emma Klein,69
2025-07-23,Joanna Angel,70
2025-07-23,Cherie Deville,71
2025-07-23,Eve Sweet,72
2025-07-23,Lea Pam,73
2025-07-23,Tiffany Leiddi,74
2025-07-23,Andi Rose,75
2025-07-23,Paige Owens,76
2025-07-23,Sumiko,77
2025-07-23,Hailey Rose,78
2025-07-23,Julia Roca,79
2025-07-23,Helena Price,80
2025-07-23,poppynzach,81
2025-07-23,Mia Malkova,82
2025-07-23,Layla Scarlet,83
2025-07-23,Mia melano,84
2025-07-23,Riley Reid,85
2025-07-23,annaplusone,86
2025-07-23,Freya Parker,87
2025-07-23,Aaliyah Love,88
2025-07-23,Agatha Vega,89
2025-07-23,Nicole Emma Vaunt,90
2025-07-23,Charlotte Stokely,91
2025-07-23,Addison Lee,92
2025-07-23,Ophelia Kaan,93
2025-07-23,Ana B,94
2025-07-23,Marie Berger,95
2025-07-23,Savvy Suxx,96
2025-07-23,Nikki Zee,97
2025-07-23,Olivia Sparkle,98
2025-07-23,Chloe Duval,99
2025-07-23,Jeny Smith,100
2025-07-23,maitland ward,101
2025-07-23,Vanna Bardot,102
2025-07-23,Molly Little,103
2025-07-23,Sata Jones,104
2025-07-23,Sloan Harper,105
2025-07-23,Ava Moore,106
2025-07-23,Sharon White,107
2025-07-23,Innocent hotwife,108
2025-07-23,Jane Wilde,109
2025-07-23,Theodora Day,110
2025-07-23,Eden Moore,111
2025-07-23,Lullabyebye,112
2025-07-23,Lena Coxx,113
2025-07-23,LaSirena69,114
2025-07-23,Leya Desantis,115
2025-07-23,Amelia Ost,116
2025-07-23,Kinuski,117
2025-07-23,Alexa Tomas,118
2025-07-23,Eden Ivy,119
2025-07-23,JULIALEXXX,120
2025-07-23,Charlie Red,121
2025-07-23,Kendra Lust,122
2025-07-23,Veronica Weston,123
2025-07-23,Ivey Passion,124
2025-07-23,Milan Cheek,125
2025-07-23,Emma Ruby,126
2025-07-23,Spencer Bradley,127
2025-07-23,Blake Blossom,128
2025-07-23,Nickey Huntsman,129
2025-07-23,Roxy Muray,130
2025-07-23,Valentina Nappi,131
2025-07-23,Alina Lopez,132
2025-07-23,Erin Moore,133
2025-07-23,Alice adorable,134
2025-07-23,Venus Valencia,135
2025-07-23,Nadia Foxx,136
2025-07-23,Alice Klay,137
2025-07-23,Whitney Wright,138
2025-07-23,Chanel Preston,139
2025-07-23,Slimthick Vic,140
2025-07-23,Melody Mae,141
2025-07-23,Katy Rose,142
2025-07-23,Jeniffer Flex,143
2025-07-23,Nesty,144
2025-07-23,JILL KASSIDY,145
2025-07-23,Sophie Choeur,146
2025-07-23,Pristine Edge,147
2025-07-23,Miriam Sinn Nimfa Nice,148
2025-07-23,Bella Rolland,149
2025-07-23,Stoya,150
2025-07-23,Lucy Mendez,151
2025-07-23,NakedBakers,152
2025-07-23,Jesse Pony,153
2025-07-23,Stella Luxx,154
2025-07-23,Maddy Keys,155
2025-07-23,Alice Drake,156
2025-07-23,Sandy Cheeks,157
2025-07-23,Sveltelana,158
2025-07-23,Anissa Kate,159
2025-07-23,Daruma Rai,160
2025-07-23,Whitney OC,161
2025-07-23,Molly Quinn,162
2025-07-23,KENDRA SUNDERLAND,163
2025-07-23,LIZ RAINBOW,164
2025-07-23,Eva Berger,165
2025-07-23,Jenna Sativa,166
2025-07-23,Barbie Feels,167
2025-07-23,Kayden Kross,168
2025-07-23,Veronica Sanchez,169
2025-07-23,Lottie Magne,170
2025-07-23,Cheerleader Kait,171
2025-07-23,ChihuahuaSU,172
2025-07-23,Cassie Del Isla,173
2025-07-23,Carter Cruise,174
2025-07-23,Alice Nice,175
2025-07-23,Jayde Symz,176
2025-07-23,India Summer,177
2025-07-23,Candy Alexa,178
2025-07-23,Lindsey Lakes,179
2025-07-23,Lola Bredly,180
2025-07-23,Vixi Rafi,181
2025-07-23,Liz Jordan,182
2025-07-23,Angelika Grays,183
2025-07-23,Lilly Bella,184
2025-07-23,Isabella Rose,185
2025-07-23,Victoria Brennan,186
2025-07-23,Gypsy Rose,187
2025-07-23,Mary Rock,188
2025-07-23,Leanne Lace,189
2025-07-23,Clemence Audiard,190
2025-07-23,Casey Nohrman,191
2025-07-23,Mila Pie,192
2025-07-23,Thea Lun,193
2025-07-23,🗂INDEX,194
2025-07-23,Reagan Foxx,195
2025-07-23,Keisha Grey,196
2025-07-23,Kimberly Kane,197
2025-07-23,Bobbi Starr,198
2025-07-23,Dee Vine,199
2025-07-23,Candee Licious,200
2025-07-23,Samantha Bentley,201
2025-07-23,Alexa Grace,202
2025-07-23,Conny Carter,203
2025-07-23,Anny Swix,204
2025-07-23,Ovidie,205
2025-07-23,Alexis Deen,206
2025-07-23,Layla London,207
2025-07-23,Paulina Soul,208
2025-07-23,Jade Nile,209
2025-07-23,Ally Breelsen,210
2025-07-23,Krystal Sparks,211
2025-07-23,Dolly Diore,212
2025-07-23,Gracie Gates,213
2025-07-23,Aften Opal,214
2025-07-23,Alecia Fox,215
2025-07-23,Ambra Dolce,216
2025-07-23,Evelyn Claire,217
2025-07-23,Bree Daniels,218
2025-07-23,Naomi Wildman,219
2025-07-23,Andrea Lapiedra,220
2025-07-23,Loli Pop,221
2025-07-23,Amy Douxxx,222
2025-07-23,Melody Mynx,223
2025-07-23,Zlata Shine,224
2025-07-23,Lisa Belys,225
2025-07-23,Eva Ray,226
2025-07-23,Emily Willis,227
2025-07-23,Sara Rich,228
2025-07-23,Lily Bella,229
2025-07-23,Violet Pretty,230
2025-07-23,Hot Pearl,231
2025-07-23,Nikky Dream,232
2025-07-23,Lucy Foxx,233
2025-07-23,Beverly Hillson,234
2025-07-23,zoebytheriver,235
2025-07-23,Alrox,236
2025-07-23,River Lynn,237
2025-07-23,Jade Valentine,238
2025-07-23,Ivy Ireland,239
2025-07-23,Rose Carter,240
2025-07-23,Ivi Rein,241
2025-07-23,Sydney Paige,242
2025-07-23,Serena Sterling,243
2025-07-23,Kristina Grace,244
2025-07-23,Kaira Love,245
2025-07-23,Talia Mint,246
2025-07-23,Alice Flore,247
2025-07-23,Fiona Frost,248
2025-07-23,Stella Sedona,249
2025-07-23,Sandrillon,250
2025-07-23,Siri Dahl,251
2025-07-23,Cherry Candle,252
2025-07-23,Melena Maria Rya,253
2025-07-23,Silvia Soprano,254
2025-07-23,Melissa Stratton,255
2025-07-23,Sara Heat,256
2025-07-23,Zuzu Sweet,257
2025-07-23,Clea Gaultier,258
2025-07-23,Sara Latina,259
2025-07-23,KRISSY LYNN,260
2025-07-23,Graycee Baybee,261
2025-07-23,Stella Cox,262
2025-07-23,April Olsen,263
2025-07-23,Laura Bentley,264
2025-07-23,Dharma Jones,265
2025-07-23,Kitty Lovedream,266
2025-07-23,Remy LaCroix,267
2025-07-23,Sophia Burns,268
2025-07-23,Julia Morozzi,269
2025-07-23,Isabella D,270
2025-07-23,Renee Rose,271
2025-07-23,Freya von Doom,272
2025-07-23,Anika Now,273
2025-07-23,Violet Joly,274
2025-07-23,Anna Claire Clouds,275
2025-07-23,Lucky Bee,276
2025-07-23,Hazel Moore,277
2025-07-23,Valeria Borghese,278
2025-07-23,Chrissy,279
2025-07-23,Lulu Love,280
2025-07-23,SAHARA SKYE,281
2025-07-23,Alika Alba,282
2025-07-23,Nina Nix,283
2025-07-23,Claudia Bavel,284
2025-07-23,Rayveness,285
2025-07-23,Blue Wave,286
2025-07-23,Stella Bliss,287
2025-07-23,Christy Love,288
2025-07-23,RAVEN LANE,289
2025-07-23,Keira Love,290
2025-07-23,Mina Kali,291
2025-07-23,Serina Gomez,292
2025-07-23,Aurelly Rebel,293
2025-07-23,Eliza Ibarra,294
2025-07-23,Cherry X,295
2025-07-23,Elsa Violet,296
2025-07-23,KittyKristen,297
2025-07-23,PE,298
2025-07-23,Juju la bretonne,299
2025-07-23,Penny Flame,300
2025-07-23,Maddy Nelson,301
2025-07-23,HD,302
2025-07-23,PARADISEHILL.cc CHAT 18+,303
2025-07-23,Rebel Rhyder,304
2025-07-23,Stacy Bloom,305
2025-07-23,Sammyyy Stonerrr,306
2025-07-23,Ava Austen,307
2025-07-23,morgpie,308
2025-07-23,Mira Wair,309
2025-07-23,Public,310
2025-07-23,TUSHY,311
2025-07-23,Georgia Jones,312
2025-07-23,Jillian Janson,313
2025-07-23,Lily Love,314
2025-07-23,Anna De Ville,315
2025-07-23,Mya Lorenn,316
2025-07-23,Merida Sat,317
2025-07-23,Chloe Temple,318
2025-07-23,Lindsay Lee,319
2025-07-23,Nika A,320
2025-07-23,Catherine Knight,321
2025-07-23,Valkiria Lapiedra,322
2025-07-23,Juilie Robbie,323
2025-07-23,Kallie Taylor,324
2025-07-23,Renata Foxx,325
2025-07-23,Madison Moores,326
2025-07-23,Riley Jacobs,327
2025-07-23,cristina plaza aa,328
2025-07-23,Cindy Shine,329
2025-07-23,Eva Cela,330
2025-07-23,Alana Cruise,331
2025-07-23,Lauren Phillips,332
2025-07-23,Alex Coal,1
2025-07-23,Millie Morgan,2
2025-07-23,Katrina Colt,3
2025-07-23,Eva Lovia,4
2025-07-23,Jia Lissa,5
2025-07-23,Chanel Camryn,6
2025-07-23,Adriana Chechik,7
2025-07-23,Abigail Mac,8
2025-07-23,Aidra Fox,9
2025-07-23,Octavia Red,10
2025-07-23,Antonia Sainz,11
2025-07-23,Jessica Ryan,12
2025-07-23,Alexis Crystal,13
2025-07-23,Kira Queen,14
2025-07-23,Tori Black,15
2025-07-23,Cassidy Klein,16
2025-07-23,Josephine Jackson,17
2025-07-23,Sybil A,18
2025-07-23,Vintage,19
2025-07-23,Lady Lyne,20
2025-07-23,Cory Chase,21
2025-07-23,Laney Grey,22
2025-07-23,Nephael,23
2025-07-23,Anya Olsen,24
2025-07-23,Aubree Valentine,25
2025-07-23,Cadence Lux,26
2025-07-23,Little Caprice,27
2025-07-23,Ella Hughes,28
2025-07-23,Lily LaBeau,29
2025-07-23,Anita Rover,30
2025-07-23,Serenity Cox,31
2025-07-23,Betzz,32
2025-07-23,Flashing Emma,33
2025-07-23,REBECCA VOLPETTI,34
2025-07-23,CHARLIE FORDE,35
2025-07-23,Crystal Clark,36
2025-07-23,Full Movies,37
2025-07-23,Stacy Cruz,38
2025-07-23,Olive Glass,39
2025-07-23,Lexi Luna,40
2025-07-23,Jessie and Jackson,41
2025-07-23,Melissa sexy hippies,42
2025-07-23,Katie Kush,43
2025-07-23,Brett Rossi,44
2025-07-23,Nikita Bellucci,45
2025-07-23,Kenzie Love,46
2025-07-23,Lexi Dona,47
2025-07-23,Lily Lou,48
2025-07-23,Dolly Dyson,49
2025-07-23,Penny Barber,50
2025-07-23,Sarah Vandella,51
2025-07-23,Cherry Kiss,52
2025-07-23,Gal Ritchie,53
2025-07-23,Britney Amber,54
2025-07-23,EMILY THORNE,55
2025-07-23,Laure Zecchi,56
2025-07-23,Helena Valle,57
2025-07-23,Annie King,58
2025-07-23,Calita Fire,59
2025-07-23,Dani Daniels,60
2025-07-23,Jadilica - Leo Ahsoka,61
2025-07-23,Casey Calvert,62
2025-07-23,Angel Young💋,63
2025-07-23,Lena Paul,64
2025-07-23,Amirah Adara,65
2025-07-23,Angela White,66
2025-07-23,Lilith - Berta Lusty - Felice Morgan,67
2025-07-23,Bonnie Blue,68
2025-07-23,Emma Klein,69
2025-07-23,Joanna Angel,70
2025-07-23,Cherie Deville,71
2025-07-23,Eve Sweet,72
2025-07-23,Lea Pam,73
2025-07-23,Tiffany Leiddi,74
2025-07-23,Andi Rose,75
2025-07-23,Paige Owens,76
2025-07-23,Sumiko,77
2025-07-23,Hailey Rose,78
2025-07-23,Julia Roca,79
2025-07-23,Helena Price,80
2025-07-23,poppynzach,81
2025-07-23,Mia Malkova,82
2025-07-23,Layla Scarlet,83
2025-07-23,Mia melano,84
2025-07-23,Riley Reid,85
2025-07-23,annaplusone,86
2025-07-23,Freya Parker,87
2025-07-23,Aaliyah Love,88
2025-07-23,Agatha Vega,89
2025-07-23,Nicole Emma Vaunt,90
2025-07-23,Charlotte Stokely,91
2025-07-23,Addison Lee,92
2025-07-23,Ophelia Kaan,93
2025-07-23,Ana B,94
2025-07-23,Marie Berger,95
2025-07-23,Savvy Suxx,96
2025-07-23,Nikki Zee,97
2025-07-23,Olivia Sparkle,98
2025-07-23,Chloe Duval,99
2025-07-23,Jeny Smith,100
2025-07-23,maitland ward,101
2025-07-23,Vanna Bardot,102
2025-07-23,Molly Little,103
2025-07-23,Sata Jones,104
2025-07-23,Sloan Harper,105
2025-07-23,Ava Moore,106
2025-07-23,Sharon White,107
2025-07-23,Innocent hotwife,108
2025-07-23,Jane Wilde,109
2025-07-23,Theodora Day,110
2025-07-23,Eden Moore,111
2025-07-23,Lullabyebye,112
2025-07-23,Lena Coxx,113
2025-07-23,LaSirena69,114
2025-07-23,Leya Desantis,115
2025-07-23,Amelia Ost,116
2025-07-23,Kinuski,117
2025-07-23,Alexa Tomas,118
2025-07-23,Eden Ivy,119
2025-07-23,JULIALEXXX,120
2025-07-23,Charlie Red,121
2025-07-23,Kendra Lust,122
2025-07-23,Veronica Weston,123
2025-07-23,Ivey Passion,124
2025-07-23,Milan Cheek,125
2025-07-23,Emma Ruby,126
2025-07-23,Spencer Bradley,127
2025-07-23,Blake Blossom,128
2025-07-23,Nickey Huntsman,129
2025-07-23,Roxy Muray,130
2025-07-23,Valentina Nappi,131
2025-07-23,Alina Lopez,132
2025-07-23,Erin Moore,133
2025-07-23,Alice adorable,134
2025-07-23,Venus Valencia,135
2025-07-23,Nadia Foxx,136
2025-07-23,Alice Klay,137
2025-07-23,Whitney Wright,138
2025-07-23,Chanel Preston,139
2025-07-23,Slimthick Vic,140
2025-07-23,Melody Mae,141
2025-07-23,Katy Rose,142
2025-07-23,Jeniffer Flex,143
2025-07-23,Nesty,144
2025-07-23,JILL KASSIDY,145
2025-07-23,Sophie Choeur,146
2025-07-23,Pristine Edge,147
2025-07-23,Miriam Sinn Nimfa Nice,148
2025-07-23,Bella Rolland,149
2025-07-23,Stoya,150
2025-07-23,Lucy Mendez,151
2025-07-23,NakedBakers,152
2025-07-23,Jesse Pony,153
2025-07-23,Stella Luxx,154
2025-07-23,Maddy Keys,155
2025-07-23,Alice Drake,156
2025-07-23,Sandy Cheeks,157
2025-07-23,Sveltelana,158
2025-07-23,Anissa Kate,159
2025-07-23,Daruma Rai,160
2025-07-23,Whitney OC,161
2025-07-23,Molly Quinn,162
2025-07-23,KENDRA SUNDERLAND,163
2025-07-23,LIZ RAINBOW,164
2025-07-23,Eva Berger,165
2025-07-23,Jenna Sativa,166
2025-07-23,Barbie Feels,167
2025-07-23,Kayden Kross,168
2025-07-23,Veronica Sanchez,169
2025-07-23,Lottie Magne,170
2025-07-23,Cheerleader Kait,171
2025-07-23,ChihuahuaSU,172
2025-07-23,Cassie Del Isla,173
2025-07-23,Carter Cruise,174
2025-07-23,Alice Nice,175
2025-07-23,Jayde Symz,176
2025-07-23,India Summer,177
2025-07-23,Candy Alexa,178
2025-07-23,Lindsey Lakes,179
2025-07-23,Lola Bredly,180
2025-07-23,Vixi Rafi,181
2025-07-23,Liz Jordan,182
2025-07-23,Angelika Grays,183
2025-07-23,Lilly Bella,184
2025-07-23,Isabella Rose,185
2025-07-23,Victoria Brennan,186
2025-07-23,Gypsy Rose,187
2025-07-23,Mary Rock,188
2025-07-23,Leanne Lace,189
2025-07-23,Clemence Audiard,190
2025-07-23,Casey Nohrman,191
2025-07-23,Mila Pie,192
2025-07-23,Thea Lun,193
2025-07-23,🗂INDEX,194
2025-07-23,Reagan Foxx,195
2025-07-23,Keisha Grey,196
2025-07-23,Kimberly Kane,197
2025-07-23,Bobbi Starr,198
2025-07-23,Dee Vine,199
2025-07-23,Candee Licious,200
2025-07-23,Samantha Bentley,201
2025-07-23,Alexa Grace,202
2025-07-23,Conny Carter,203
2025-07-23,Anny Swix,204
2025-07-23,Ovidie,205
2025-07-23,Alexis Deen,206
2025-07-23,Layla London,207
2025-07-23,Paulina Soul,208
2025-07-23,Jade Nile,209
2025-07-23,Ally Breelsen,210
2025-07-23,Krystal Sparks,211
2025-07-23,Dolly Diore,212
2025-07-23,Gracie Gates,213
2025-07-23,Aften Opal,214
2025-07-23,Alecia Fox,215
2025-07-23,Ambra Dolce,216
2025-07-23,Evelyn Claire,217
2025-07-23,Bree Daniels,218
2025-07-23,Naomi Wildman,219
2025-07-23,Andrea Lapiedra,220
2025-07-23,Loli Pop,221
2025-07-23,Amy Douxxx,222
2025-07-23,Melody Mynx,223
2025-07-23,Zlata Shine,224
2025-07-23,Lisa Belys,225
2025-07-23,Eva Ray,226
2025-07-23,Emily Willis,227
2025-07-23,Sara Rich,228
2025-07-23,Lily Bella,229
2025-07-23,Violet Pretty,230
2025-07-23,Hot Pearl,231
2025-07-23,Nikky Dream,232
2025-07-23,Lucy Foxx,233
2025-07-23,Beverly Hillson,234
2025-07-23,zoebytheriver,235
2025-07-23,Alrox,236
2025-07-23,River Lynn,237
2025-07-23,Jade Valentine,238
2025-07-23,Ivy Ireland,239
2025-07-23,Rose Carter,240
2025-07-23,Ivi Rein,241
2025-07-23,Sydney Paige,242
2025-07-23,Serena Sterling,243
2025-07-23,Kristina Grace,244
2025-07-23,Kaira Love,245
2025-07-23,Talia Mint,246
2025-07-23,Alice Flore,247
2025-07-23,Fiona Frost,248
2025-07-23,Stella Sedona,249
2025-07-23,Sandrillon,250
2025-07-23,Siri Dahl,251
2025-07-23,Cherry Candle,252
2025-07-23,Melena Maria Rya,253
2025-07-23,Silvia Soprano,254
2025-07-23,Melissa Stratton,255
2025-07-23,Sara Heat,256
2025-07-23,Zuzu Sweet,257
2025-07-23,Clea Gaultier,258
2025-07-23,Sara Latina,259
2025-07-23,KRISSY LYNN,260
2025-07-23,Graycee Baybee,261
2025-07-23,Stella Cox,262
2025-07-23,April Olsen,263
2025-07-23,Laura Bentley,264
2025-07-23,Dharma Jones,265
2025-07-23,Kitty Lovedream,266
2025-07-23,Remy LaCroix,267
2025-07-23,Sophia Burns,268
2025-07-23,Julia Morozzi,269
2025-07-23,Isabella D,270
2025-07-23,Renee Rose,271
2025-07-23,Freya von Doom,272
2025-07-23,Anika Now,273
2025-07-23,Violet Joly,274
2025-07-23,Anna Claire Clouds,275
2025-07-23,Lucky Bee,276
2025-07-23,Hazel Moore,277
2025-07-23,Valeria Borghese,278
2025-07-23,Chrissy,279
2025-07-23,Lulu Love,280
2025-07-23,SAHARA SKYE,281
2025-07-23,Alika Alba,282
2025-07-23,Nina Nix,283
2025-07-23,Claudia Bavel,284
2025-07-23,Rayveness,285
2025-07-23,Blue Wave,286
2025-07-23,Stella Bliss,287
2025-07-23,Christy Love,288
2025-07-23,RAVEN LANE,289
2025-07-23,Keira Love,290
2025-07-23,Mina Kali,291
2025-07-23,Serina Gomez,292
2025-07-23,Eliza Ibarra,293
2025-07-23,Aurelly Rebel,294
2025-07-23,Cherry X,295
2025-07-23,Elsa Violet,296
2025-07-23,KittyKristen,297
2025-07-23,PE,298
2025-07-23,Juju la bretonne,299
2025-07-23,Penny Flame,300
2025-07-23,Maddy Nelson,301
2025-07-23,HD,302
2025-07-23,PARADISEHILL.cc CHAT 18+,303
2025-07-23,Rebel Rhyder,304
2025-07-23,Stacy Bloom,305
2025-07-23,Sammyyy Stonerrr,306
2025-07-23,Ava Austen,307
2025-07-23,morgpie,308
2025-07-23,Mira Wair,309
2025-07-23,Public,310
2025-07-23,TUSHY,311
2025-07-23,Georgia Jones,312
2025-07-23,Jillian Janson,313
2025-07-23,Lily Love,314
2025-07-23,Anna De Ville,315
2025-07-23,Mya Lorenn,316
2025-07-23,Merida Sat,317
2025-07-23,Chloe Temple,318
2025-07-23,Lindsay Lee,319
2025-07-23,Nika A,320
2025-07-23,Catherine Knight,321
2025-07-23,Valkiria Lapiedra,322
2025-07-23,Juilie Robbie,323
2025-07-23,Kallie Taylor,324
2025-07-23,Renata Foxx,325
2025-07-23,Madison Moores,326
2025-07-23,Riley Jacobs,327
2025-07-23,cristina plaza aa,328
2025-07-23,Cindy Shine,329
2025-07-23,Eva Cela,330
2025-07-23,Alana Cruise,331
2025-07-23,Lauren Phillips,332
2025-07-23,Alex Coal,1
2025-07-23,Millie Morgan,2
2025-07-23,Katrina Colt,3
2025-07-23,Eva Lovia,4
2025-07-23,Jia Lissa,5
2025-07-23,Chanel Camryn,6
2025-07-23,Adriana Chechik,7
2025-07-23,Abigail Mac,8
2025-07-23,Aidra Fox,9
2025-07-23,Octavia Red,10
2025-07-23,Antonia Sainz,11
2025-07-23,Jessica Ryan,12
2025-07-23,Alexis Crystal,13
2025-07-23,Kira Queen,14
2025-07-23,Tori Black,15
2025-07-23,Cassidy Klein,16
2025-07-23,Josephine Jackson,17
2025-07-23,Sybil A,18
2025-07-23,Vintage,19
2025-07-23,Lady Lyne,20
2025-07-23,Cory Chase,21
2025-07-23,Laney Grey,22
2025-07-23,Nephael,23
2025-07-23,Anya Olsen,24
2025-07-23,Aubree Valentine,25
2025-07-23,Cadence Lux,26
2025-07-23,Little Caprice,27
2025-07-23,Ella Hughes,28
2025-07-23,Lily LaBeau,29
2025-07-23,Anita Rover,30
2025-07-23,Serenity Cox,31
2025-07-23,Betzz,32
2025-07-23,Flashing Emma,33
2025-07-23,REBECCA VOLPETTI,34
2025-07-23,CHARLIE FORDE,35
2025-07-23,Crystal Clark,36
2025-07-23,Full Movies,37
2025-07-23,Stacy Cruz,38
2025-07-23,Olive Glass,39
2025-07-23,Lexi Luna,40
2025-07-23,Jessie and Jackson,41
2025-07-23,Melissa sexy hippies,42
2025-07-23,Katie Kush,43
2025-07-23,Brett Rossi,44
2025-07-23,Nikita Bellucci,45
2025-07-23,Kenzie Love,46
2025-07-23,Lexi Dona,47
2025-07-23,Lily Lou,48
2025-07-23,Dolly Dyson,49
2025-07-23,Penny Barber,50
2025-07-23,Sarah Vandella,51
2025-07-23,Cherry Kiss,52
2025-07-23,Gal Ritchie,53
2025-07-23,Britney Amber,54
2025-07-23,EMILY THORNE,55
2025-07-23,Laure Zecchi,56
2025-07-23,Helena Valle,57
2025-07-23,Annie King,58
2025-07-23,Calita Fire,59
2025-07-23,Dani Daniels,60
2025-07-23,Jadilica - Leo Ahsoka,61
2025-07-23,Casey Calvert,62
2025-07-23,Angel Young💋,63
2025-07-23,Lena Paul,64
2025-07-23,Amirah Adara,65
2025-07-23,Angela White,66
2025-07-23,Lilith - Berta Lusty - Felice Morgan,67
2025-07-23,Bonnie Blue,68
2025-07-23,Emma Klein,69
2025-07-23,Joanna Angel,70
2025-07-23,Cherie Deville,71
2025-07-23,Eve Sweet,72
2025-07-23,Lea Pam,73
2025-07-23,Tiffany Leiddi,74
2025-07-23,Andi Rose,75
2025-07-23,Paige Owens,76
2025-07-23,Sumiko,77
2025-07-23,Hailey Rose,78
2025-07-23,Julia Roca,79
2025-07-23,Helena Price,80
2025-07-23,poppynzach,81
2025-07-23,Mia Malkova,82
2025-07-23,Layla Scarlet,83
2025-07-23,Mia melano,84
2025-07-23,Riley Reid,85
2025-07-23,annaplusone,86
2025-07-23,Freya Parker,87
2025-07-23,Aaliyah Love,88
2025-07-23,Agatha Vega,89
2025-07-23,Nicole Emma Vaunt,90
2025-07-23,Charlotte Stokely,91
2025-07-23,Addison Lee,92
2025-07-23,Ophelia Kaan,93
2025-07-23,Ana B,94
2025-07-23,Marie Berger,95
2025-07-23,Savvy Suxx,96
2025-07-23,Nikki Zee,97
2025-07-23,Olivia Sparkle,98
2025-07-23,Chloe Duval,99
2025-07-23,Jeny Smith,100
2025-07-23,maitland ward,101
2025-07-23,Vanna Bardot,102
2025-07-23,Molly Little,103
2025-07-23,Sata Jones,104
2025-07-23,Sloan Harper,105
2025-07-23,Ava Moore,106
2025-07-23,Sharon White,107
2025-07-23,Innocent hotwife,108
2025-07-23,Jane Wilde,109
2025-07-23,Theodora Day,110
2025-07-23,Eden Moore,111
2025-07-23,Lullabyebye,112
2025-07-23,Lena Coxx,113
2025-07-23,LaSirena69,114
2025-07-23,Leya Desantis,115
2025-07-23,Amelia Ost,116
2025-07-23,Kinuski,117
2025-07-23,Alexa Tomas,118
2025-07-23,Eden Ivy,119
2025-07-23,JULIALEXXX,120
2025-07-23,Charlie Red,121
2025-07-23,Kendra Lust,122
2025-07-23,Veronica Weston,123
2025-07-23,Ivey Passion,124
2025-07-23,Milan Cheek,125
2025-07-23,Emma Ruby,126
2025-07-23,Spencer Bradley,127
2025-07-23,Blake Blossom,128
2025-07-23,Nickey Huntsman,129
2025-07-23,Roxy Muray,130
2025-07-23,Valentina Nappi,131
2025-07-23,Alina Lopez,132
2025-07-23,Erin Moore,133
2025-07-23,Alice adorable,134
2025-07-23,Venus Valencia,135
2025-07-23,Nadia Foxx,136
2025-07-23,Alice Klay,137
2025-07-23,Whitney Wright,138
2025-07-23,Chanel Preston,139
2025-07-23,Slimthick Vic,140
2025-07-23,Melody Mae,141
2025-07-23,Katy Rose,142
2025-07-23,Jeniffer Flex,143
2025-07-23,Nesty,144
2025-07-23,JILL KASSIDY,145
2025-07-23,Sophie Choeur,146
2025-07-23,Pristine Edge,147
2025-07-23,Miriam Sinn Nimfa Nice,148
2025-07-23,Bella Rolland,149
2025-07-23,Stoya,150
2025-07-23,Lucy Mendez,151
2025-07-23,NakedBakers,152
2025-07-23,Jesse Pony,153
2025-07-23,Stella Luxx,154
2025-07-23,Maddy Keys,155
2025-07-23,Alice Drake,156
2025-07-23,Sandy Cheeks,157
2025-07-23,Sveltelana,158
2025-07-23,Anissa Kate,159
2025-07-23,Daruma Rai,160
2025-07-23,Whitney OC,161
2025-07-23,Molly Quinn,162
2025-07-23,KENDRA SUNDERLAND,163
2025-07-23,LIZ RAINBOW,164
2025-07-23,Eva Berger,165
2025-07-23,Jenna Sativa,166
2025-07-23,Barbie Feels,167
2025-07-23,Kayden Kross,168
2025-07-23,Veronica Sanchez,169
2025-07-23,Lottie Magne,170
2025-07-23,Cheerleader Kait,171
2025-07-23,ChihuahuaSU,172
2025-07-23,Cassie Del Isla,173
2025-07-23,Carter Cruise,174
2025-07-23,Alice Nice,175
2025-07-23,Jayde Symz,176
2025-07-23,India Summer,177
2025-07-23,Candy Alexa,178
2025-07-23,Lola Bredly,179
2025-07-23,Lindsey Lakes,180
2025-07-23,Vixi Rafi,181
2025-07-23,Liz Jordan,182
2025-07-23,Angelika Grays,183
2025-07-23,Lilly Bella,184
2025-07-23,Isabella Rose,185
2025-07-23,Victoria Brennan,186
2025-07-23,Gypsy Rose,187
2025-07-23,Mary Rock,188
2025-07-23,Leanne Lace,189
2025-07-23,Clemence Audiard,190
2025-07-23,Casey Nohrman,191
2025-07-23,Mila Pie,192
2025-07-23,Thea Lun,193
2025-07-23,🗂INDEX,194
2025-07-23,Reagan Foxx,195
2025-07-23,Keisha Grey,196
2025-07-23,Kimberly Kane,197
2025-07-23,Bobbi Starr,198
2025-07-23,Dee Vine,199
2025-07-23,Candee Licious,200
2025-07-23,Samantha Bentley,201
2025-07-23,Alexa Grace,202
2025-07-23,Conny Carter,203
2025-07-23,Anny Swix,204
2025-07-23,Ovidie,205
2025-07-23,Alexis Deen,206
2025-07-23,Layla London,207
2025-07-23,Paulina Soul,208
2025-07-23,Jade Nile,209
2025-07-23,Ally Breelsen,210
2025-07-23,Krystal Sparks,211
2025-07-23,Dolly Diore,212
2025-07-23,Gracie Gates,213
2025-07-23,Aften Opal,214
2025-07-23,Alecia Fox,215
2025-07-23,Ambra Dolce,216
2025-07-23,Evelyn Claire,217
2025-07-23,Bree Daniels,218
2025-07-23,Naomi Wildman,219
2025-07-23,Andrea Lapiedra,220
2025-07-23,Loli Pop,221
2025-07-23,Amy Douxxx,222
2025-07-23,Melody Mynx,223
2025-07-23,Zlata Shine,224
2025-07-23,Lisa Belys,225
2025-07-23,Eva Ray,226
2025-07-23,Emily Willis,227
2025-07-23,Sara Rich,228
2025-07-23,Lily Bella,229
2025-07-23,Violet Pretty,230
2025-07-23,Hot Pearl,231
2025-07-23,Nikky Dream,232
2025-07-23,Lucy Foxx,233
2025-07-23,Beverly Hillson,234
2025-07-23,zoebytheriver,235
2025-07-23,Alrox,236
2025-07-23,River Lynn,237
2025-07-23,Jade Valentine,238
2025-07-23,Ivy Ireland,239
2025-07-23,Rose Carter,240
2025-07-23,Ivi Rein,241
2025-07-23,Sydney Paige,242
2025-07-23,Serena Sterling,243
2025-07-23,Kristina Grace,244
2025-07-23,Kaira Love,245
2025-07-23,Talia Mint,246
2025-07-23,Alice Flore,247
2025-07-23,Fiona Frost,248
2025-07-23,Stella Sedona,249
2025-07-23,Sandrillon,250
2025-07-23,Siri Dahl,251
2025-07-23,Cherry Candle,252
2025-07-23,Melena Maria Rya,253
2025-07-23,Silvia Soprano,254
2025-07-23,Melissa Stratton,255
2025-07-23,Sara Heat,256
2025-07-23,Zuzu Sweet,257
2025-07-23,Clea Gaultier,258
2025-07-23,Sara Latina,259
2025-07-23,KRISSY LYNN,260
2025-07-23,Graycee Baybee,261
2025-07-23,Stella Cox,262
2025-07-23,April Olsen,263
2025-07-23,Laura Bentley,264
2025-07-23,Dharma Jones,265
2025-07-23,Kitty Lovedream,266
2025-07-23,Remy LaCroix,267
2025-07-23,Sophia Burns,268
2025-07-23,Julia Morozzi,269
2025-07-23,Isabella D,270
2025-07-23,Renee Rose,271
2025-07-23,Freya von Doom,272
2025-07-23,Anika Now,273
2025-07-23,Violet Joly,274
2025-07-23,Anna Claire Clouds,275
2025-07-23,Lucky Bee,276
2025-07-23,Hazel Moore,277
2025-07-23,Valeria Borghese,278
2025-07-23,Chrissy,279
2025-07-23,Lulu Love,280
2025-07-23,SAHARA SKYE,281
2025-07-23,Alika Alba,282
2025-07-23,Nina Nix,283
2025-07-23,Claudia Bavel,284
2025-07-23,Rayveness,285
2025-07-23,Blue Wave,286
2025-07-23,Stella Bliss,287
2025-07-23,Christy Love,288
2025-07-23,RAVEN LANE,289
2025-07-23,Keira Love,290
2025-07-23,Mina Kali,291
2025-07-23,Serina Gomez,292
2025-07-23,Eliza Ibarra,293
2025-07-23,Aurelly Rebel,294
2025-07-23,Cherry X,295
2025-07-23,Elsa Violet,296
2025-07-23,KittyKristen,297
2025-07-23,PE,298
2025-07-23,Juju la bretonne,299
2025-07-23,Penny Flame,300
2025-07-23,Maddy Nelson,301
2025-07-23,HD,302
2025-07-23,PARADISEHILL.cc CHAT 18+,303
2025-07-23,Rebel Rhyder,304
2025-07-23,Stacy Bloom,305
2025-07-23,Sammyyy Stonerrr,306
2025-07-23,Ava Austen,307
2025-07-23,morgpie,308
2025-07-23,Mira Wair,309
2025-07-23,Public,310
2025-07-23,TUSHY,311
2025-07-23,Georgia Jones,312
2025-07-23,Jillian Janson,313
2025-07-23,Lily Love,314
2025-07-23,Anna De Ville,315
2025-07-23,Mya Lorenn,316
2025-07-23,Merida Sat,317
2025-07-23,Chloe Temple,318
2025-07-23,Lindsay Lee,319
2025-07-23,Nika A,320
2025-07-23,Catherine Knight,321
2025-07-23,Valkiria Lapiedra,322
2025-07-23,Juilie Robbie,323
2025-07-23,Kallie Taylor,324
2025-07-23,Renata Foxx,325
2025-07-23,Madison Moores,326
2025-07-23,Riley Jacobs,327
2025-07-23,cristina plaza aa,328
2025-07-23,Cindy Shine,329
2025-07-23,Eva Cela,330
2025-07-23,Alana Cruise,331
2025-07-23,Lauren Phillips,332
2025-07-23,Alex Coal,1
2025-07-23,Millie Morgan,2
2025-07-23,Katrina Colt,3
2025-07-23,Eva Lovia,4
2025-07-23,Jia Lissa,5
2025-07-23,Chanel Camryn,6
2025-07-23,Adriana Chechik,7
2025-07-23,Abigail Mac,8
2025-07-23,Aidra Fox,9
2025-07-23,Octavia Red,10
2025-07-23,Antonia Sainz,11
2025-07-23,Jessica Ryan,12
2025-07-23,Alexis Crystal,13
2025-07-23,Kira Queen,14
2025-07-23,Tori Black,15
2025-07-23,Cassidy Klein,16
2025-07-23,Josephine Jackson,17
2025-07-23,Sybil A,18
2025-07-23,Vintage,19
2025-07-23,Lady Lyne,20
2025-07-23,Cory Chase,21
2025-07-23,Laney Grey,22
2025-07-23,Nephael,23
2025-07-23,Anya Olsen,24
2025-07-23,Aubree Valentine,25
2025-07-23,Cadence Lux,26
2025-07-23,Little Caprice,27
2025-07-23,Ella Hughes,28
2025-07-23,Lily LaBeau,29
2025-07-23,Anita Rover,30
2025-07-23,Serenity Cox,31
2025-07-23,Betzz,32
2025-07-23,Flashing Emma,33
2025-07-23,REBECCA VOLPETTI,34
2025-07-23,CHARLIE FORDE,35
2025-07-23,Crystal Clark,36
2025-07-23,Full Movies,37
2025-07-23,Stacy Cruz,38
2025-07-23,Olive Glass,39
2025-07-23,Lexi Luna,40
2025-07-23,Jessie and Jackson,41
2025-07-23,Melissa sexy hippies,42
2025-07-23,Katie Kush,43
2025-07-23,Brett Rossi,44
2025-07-23,Nikita Bellucci,45
2025-07-23,Kenzie Love,46
2025-07-23,Lexi Dona,47
2025-07-23,Lily Lou,48
2025-07-23,Dolly Dyson,49
2025-07-23,Penny Barber,50
2025-07-23,Sarah Vandella,51
2025-07-23,Cherry Kiss,52
2025-07-23,Gal Ritchie,53
2025-07-23,Britney Amber,54
2025-07-23,EMILY THORNE,55
2025-07-23,Laure Zecchi,56
2025-07-23,Helena Valle,57
2025-07-23,Annie King,58
2025-07-23,Calita Fire,59
2025-07-23,Dani Daniels,60
2025-07-23,Jadilica - Leo Ahsoka,61
2025-07-23,Casey Calvert,62
2025-07-23,Angel Young💋,63
2025-07-23,Lena Paul,64
2025-07-23,Amirah Adara,65
2025-07-23,Angela White,66
2025-07-23,Lilith - Berta Lusty - Felice Morgan,67
2025-07-23,Bonnie Blue,68
2025-07-23,Emma Klein,69
2025-07-23,Joanna Angel,70
2025-07-23,Cherie Deville,71
2025-07-23,Eve Sweet,72
2025-07-23,Lea Pam,73
2025-07-23,Tiffany Leiddi,74
2025-07-23,Andi Rose,75
2025-07-23,Paige Owens,76
2025-07-23,Sumiko,77
2025-07-23,Hailey Rose,78
2025-07-23,Julia Roca,79
2025-07-23,Helena Price,80
2025-07-23,poppynzach,81
2025-07-23,Mia Malkova,82
2025-07-23,Layla Scarlet,83
2025-07-23,Mia melano,84
2025-07-23,Riley Reid,85
2025-07-23,annaplusone,86
2025-07-23,Freya Parker,87
2025-07-23,Aaliyah Love,88
2025-07-23,Agatha Vega,89
2025-07-23,Nicole Emma Vaunt,90
2025-07-23,Charlotte Stokely,91
2025-07-23,Addison Lee,92
2025-07-23,Ophelia Kaan,93
2025-07-23,Ana B,94
2025-07-23,Marie Berger,95
2025-07-23,Savvy Suxx,96
2025-07-23,Nikki Zee,97
2025-07-23,Olivia Sparkle,98
2025-07-23,Chloe Duval,99
2025-07-23,Jeny Smith,100
2025-07-23,maitland ward,101
2025-07-23,Vanna Bardot,102
2025-07-23,Molly Little,103
2025-07-23,Sata Jones,104
2025-07-23,Sloan Harper,105
2025-07-23,Ava Moore,106
2025-07-23,Sharon White,107
2025-07-23,Innocent hotwife,108
2025-07-23,Jane Wilde,109
2025-07-23,Theodora Day,110
2025-07-23,Eden Moore,111
2025-07-23,Lullabyebye,112
2025-07-23,Lena Coxx,113
2025-07-23,LaSirena69,114
2025-07-23,Leya Desantis,115
2025-07-23,Amelia Ost,116
2025-07-23,Kinuski,117
2025-07-23,Alexa Tomas,118
2025-07-23,Eden Ivy,119
2025-07-23,JULIALEXXX,120
2025-07-23,Charlie Red,121
2025-07-23,Kendra Lust,122
2025-07-23,Veronica Weston,123
2025-07-23,Ivey Passion,124
2025-07-23,Milan Cheek,125
2025-07-23,Emma Ruby,126
2025-07-23,Spencer Bradley,127
2025-07-23,Blake Blossom,128
2025-07-23,Nickey Huntsman,129
2025-07-23,Roxy Muray,130
2025-07-23,Valentina Nappi,131
2025-07-23,Alina Lopez,132
2025-07-23,Erin Moore,133
2025-07-23,Alice adorable,134
2025-07-23,Venus Valencia,135
2025-07-23,Nadia Foxx,136
2025-07-23,Alice Klay,137
2025-07-23,Whitney Wright,138
2025-07-23,Chanel Preston,139
2025-07-23,Slimthick Vic,140
2025-07-23,Melody Mae,141
2025-07-23,Katy Rose,142
2025-07-23,Jeniffer Flex,143
2025-07-23,Nesty,144
2025-07-23,JILL KASSIDY,145
2025-07-23,Sophie Choeur,146
2025-07-23,Pristine Edge,147
2025-07-23,Miriam Sinn Nimfa Nice,148
2025-07-23,Bella Rolland,149
2025-07-23,Stoya,150
2025-07-23,Lucy Mendez,151
2025-07-23,NakedBakers,152
2025-07-23,Jesse Pony,153
2025-07-23,Stella Luxx,154
2025-07-23,Maddy Keys,155
2025-07-23,Alice Drake,156
2025-07-23,Sandy Cheeks,157
2025-07-23,Sveltelana,158
2025-07-23,Anissa Kate,159
2025-07-23,Daruma Rai,160
2025-07-23,Whitney OC,161
2025-07-23,Molly Quinn,162
2025-07-23,KENDRA SUNDERLAND,163
2025-07-23,LIZ RAINBOW,164
2025-07-23,Eva Berger,165
2025-07-23,Jenna Sativa,166
2025-07-23,Barbie Feels,167
2025-07-23,Kayden Kross,168
2025-07-23,Veronica Sanchez,169
2025-07-23,Lottie Magne,170
2025-07-23,Cheerleader Kait,171
2025-07-23,ChihuahuaSU,172
2025-07-23,Cassie Del Isla,173
2025-07-23,Carter Cruise,174
2025-07-23,Alice Nice,175
2025-07-23,Jayde Symz,176
2025-07-23,India Summer,177
2025-07-23,Candy Alexa,178
2025-07-23,Lola Bredly,179
2025-07-23,Lindsey Lakes,180
2025-07-23,Vixi Rafi,181
2025-07-23,Liz Jordan,182
2025-07-23,Angelika Grays,183
2025-07-23,Lilly Bella,184
2025-07-23,Isabella Rose,185
2025-07-23,Victoria Brennan,186
2025-07-23,Gypsy Rose,187
2025-07-23,Mary Rock,188
2025-07-23,Leanne Lace,189
2025-07-23,Clemence Audiard,190
2025-07-23,Casey Nohrman,191
2025-07-23,Mila Pie,192
2025-07-23,Thea Lun,193
2025-07-23,🗂INDEX,194
2025-07-23,Reagan Foxx,195
2025-07-23,Keisha Grey,196
2025-07-23,Kimberly Kane,197
2025-07-23,Bobbi Starr,198
2025-07-23,Dee Vine,199
2025-07-23,Candee Licious,200
2025-07-23,Samantha Bentley,201
2025-07-23,Alexa Grace,202
2025-07-23,Conny Carter,203
2025-07-23,Anny Swix,204
2025-07-23,Ovidie,205
2025-07-23,Alexis Deen,206
2025-07-23,Layla London,207
2025-07-23,Paulina Soul,208
2025-07-23,Jade Nile,209
2025-07-23,Ally Breelsen,210
2025-07-23,Krystal Sparks,211
2025-07-23,Dolly Diore,212
2025-07-23,Gracie Gates,213
2025-07-23,Aften Opal,214
2025-07-23,Ambra Dolce,215
2025-07-23,Evelyn Claire,216
2025-07-23,Alecia Fox,217
2025-07-23,Bree Daniels,218
2025-07-23,Andrea Lapiedra,219
2025-07-23,Naomi Wildman,220
2025-07-23,Loli Pop,221
2025-07-23,Amy Douxxx,222
2025-07-23,Melody Mynx,223
2025-07-23,Zlata Shine,224
2025-07-23,Lisa Belys,225
2025-07-23,Eva Ray,226
2025-07-23,Emily Willis,227
2025-07-23,Sara Rich,228
2025-07-23,Lily Bella,229
2025-07-23,Violet Pretty,230
2025-07-23,Hot Pearl,231
2025-07-23,Nikky Dream,232
2025-07-23,Lucy Foxx,233
2025-07-23,Beverly Hillson,234
2025-07-23,zoebytheriver,235
2025-07-23,Alrox,236
2025-07-23,River Lynn,237
2025-07-23,Jade Valentine,238
2025-07-23,Ivy Ireland,239
2025-07-23,Rose Carter,240
2025-07-23,Ivi Rein,241
2025-07-23,Sydney Paige,242
2025-07-23,Serena Sterling,243
2025-07-23,Kristina Grace,244
2025-07-23,Kaira Love,245
2025-07-23,Talia Mint,246
2025-07-23,Alice Flore,247
2025-07-23,Fiona Frost,248
2025-07-23,Stella Sedona,249
2025-07-23,Sandrillon,250
2025-07-23,Siri Dahl,251
2025-07-23,Cherry Candle,252
2025-07-23,Melena Maria Rya,253
2025-07-23,Silvia Soprano,254
2025-07-23,Melissa Stratton,255
2025-07-23,Sara Heat,256
2025-07-23,Zuzu Sweet,257
2025-07-23,Clea Gaultier,258
2025-07-23,Sara Latina,259
2025-07-23,KRISSY LYNN,260
2025-07-23,Graycee Baybee,261
2025-07-23,Stella Cox,262
2025-07-23,April Olsen,263
2025-07-23,Laura Bentley,264
2025-07-23,Dharma Jones,265
2025-07-23,Kitty Lovedream,266
2025-07-23,Remy LaCroix,267
2025-07-23,Sophia Burns,268
2025-07-23,Julia Morozzi,269
2025-07-23,Isabella D,270
2025-07-23,Renee Rose,271
2025-07-23,Freya von Doom,272
2025-07-23,Anika Now,273
2025-07-23,Violet Joly,274
2025-07-23,Anna Claire Clouds,275
2025-07-23,Lucky Bee,276
2025-07-23,Hazel Moore,277
2025-07-23,Valeria Borghese,278
2025-07-23,Chrissy,279
2025-07-23,Lulu Love,280
2025-07-23,SAHARA SKYE,281
2025-07-23,Alika Alba,282
2025-07-23,Nina Nix,283
2025-07-23,Claudia Bavel,284
2025-07-23,Rayveness,285
2025-07-23,Blue Wave,286
2025-07-23,Stella Bliss,287
2025-07-23,Christy Love,288
2025-07-23,RAVEN LANE,289
2025-07-23,Keira Love,290
2025-07-23,Mina Kali,291
2025-07-23,Serina Gomez,292
2025-07-23,Eliza Ibarra,293
2025-07-23,Aurelly Rebel,294
2025-07-23,Cherry X,295
2025-07-23,Elsa Violet,296
2025-07-23,KittyKristen,297
2025-07-23,PE,298
2025-07-23,Juju la bretonne,299
2025-07-23,Penny Flame,300
2025-07-23,Maddy Nelson,301
2025-07-23,HD,302
2025-07-23,PARADISEHILL.cc CHAT 18+,303
2025-07-23,Rebel Rhyder,304
2025-07-23,Stacy Bloom,305
2025-07-23,Sammyyy Stonerrr,306
2025-07-23,Ava Austen,307
2025-07-23,morgpie,308
2025-07-23,Mira Wair,309
2025-07-23,Public,310
2025-07-23,TUSHY,311
2025-07-23,Georgia Jones,312
2025-07-23,Jillian Janson,313
2025-07-23,Lily Love,314
2025-07-23,Anna De Ville,315
2025-07-23,Mya Lorenn,316
2025-07-23,Merida Sat,317
2025-07-23,Chloe Temple,318
2025-07-23,Lindsay Lee,319
2025-07-23,Nika A,320
2025-07-23,Catherine Knight,321
2025-07-23,Valkiria Lapiedra,322
2025-07-23,Juilie Robbie,323
2025-07-23,Kallie Taylor,324
2025-07-23,Renata Foxx,325
2025-07-23,Madison Moores,326
2025-07-23,Riley Jacobs,327
2025-07-23,cristina plaza aa,328
2025-07-23,Cindy Shine,329
2025-07-23,Eva Cela,330
2025-07-23,Alana Cruise,331
2025-07-23,Lauren Phillips,332
2025-07-24,Alex Coal,1
2025-07-24,Millie Morgan,2
2025-07-24,Katrina Colt,3
2025-07-24,Eva Lovia,4
2025-07-24,Jia Lissa,5
2025-07-24,Chanel Camryn,6
2025-07-24,Adriana Chechik,7
2025-07-24,Abigail Mac,8
2025-07-24,Aidra Fox,9
2025-07-24,Octavia Red,10
2025-07-24,Antonia Sainz,11
2025-07-24,Jessica Ryan,12
2025-07-24,Alexis Crystal,13
2025-07-24,Kira Queen,14
2025-07-24,Tori Black,15
2025-07-24,Cassidy Klein,16
2025-07-24,Josephine Jackson,17
2025-07-24,Sybil A,18
2025-07-24,Vintage,19
2025-07-24,Lady Lyne,20
2025-07-24,Cory Chase,21
2025-07-24,Laney Grey,22
2025-07-24,Nephael,23
2025-07-24,Anya Olsen,24
2025-07-24,Aubree Valentine,25
2025-07-24,Cadence Lux,26
2025-07-24,Little Caprice,27
2025-07-24,Ella Hughes,28
2025-07-24,Lily LaBeau,29
2025-07-24,Anita Rover,30
2025-07-24,Serenity Cox,31
2025-07-24,Betzz,32
2025-07-24,Flashing Emma,33
2025-07-24,REBECCA VOLPETTI,34
2025-07-24,CHARLIE FORDE,35
2025-07-24,Crystal Clark,36
2025-07-24,Full Movies,37
2025-07-24,Stacy Cruz,38
2025-07-24,Olive Glass,39
2025-07-24,Lexi Luna,40
2025-07-24,Jessie and Jackson,41
2025-07-24,Melissa sexy hippies,42
2025-07-24,Katie Kush,43
2025-07-24,Brett Rossi,44
2025-07-24,Nikita Bellucci,45
2025-07-24,Kenzie Love,46
2025-07-24,Lexi Dona,47
2025-07-24,Lily Lou,48
2025-07-24,Dolly Dyson,49
2025-07-24,Penny Barber,50
2025-07-24,Sarah Vandella,51
2025-07-24,Cherry Kiss,52
2025-07-24,Gal Ritchie,53
2025-07-24,Britney Amber,54
2025-07-24,EMILY THORNE,55
2025-07-24,Laure Zecchi,56
2025-07-24,Helena Valle,57
2025-07-24,Annie King,58
2025-07-24,Calita Fire,59
2025-07-24,Dani Daniels,60
2025-07-24,Jadilica - Leo Ahsoka,61
2025-07-24,Casey Calvert,62
2025-07-24,Angel Young💋,63
2025-07-24,Lena Paul,64
2025-07-24,Amirah Adara,65
2025-07-24,Angela White,66
2025-07-24,Lilith - Berta Lusty - Felice Morgan,67
2025-07-24,Bonnie Blue,68
2025-07-24,Emma Klein,69
2025-07-24,Joanna Angel,70
2025-07-24,Cherie Deville,71
2025-07-24,Eve Sweet,72
2025-07-24,Lea Pam,73
2025-07-24,Tiffany Leiddi,74
2025-07-24,Andi Rose,75
2025-07-24,Paige Owens,76
2025-07-24,Sumiko,77
2025-07-24,Hailey Rose,78
2025-07-24,Julia Roca,79
2025-07-24,Helena Price,80
2025-07-24,poppynzach,81
2025-07-24,Mia Malkova,82
2025-07-24,Layla Scarlet,83
2025-07-24,Mia melano,84
2025-07-24,Riley Reid,85
2025-07-24,annaplusone,86
2025-07-24,Freya Parker,87
2025-07-24,Aaliyah Love,88
2025-07-24,Agatha Vega,89
2025-07-24,Nicole Emma Vaunt,90
2025-07-24,Charlotte Stokely,91
2025-07-24,Addison Lee,92
2025-07-24,Ophelia Kaan,93
2025-07-24,Ana B,94
2025-07-24,Marie Berger,95
2025-07-24,Savvy Suxx,96
2025-07-24,Nikki Zee,97
2025-07-24,Olivia Sparkle,98
2025-07-24,Chloe Duval,99
2025-07-24,Jeny Smith,100
2025-07-24,maitland ward,101
2025-07-24,Vanna Bardot,102
2025-07-24,Molly Little,103
2025-07-24,Sata Jones,104
2025-07-24,Sloan Harper,105
2025-07-24,Ava Moore,106
2025-07-24,Sharon White,107
2025-07-24,Innocent hotwife,108
2025-07-24,Jane Wilde,109
2025-07-24,Theodora Day,110
2025-07-24,Eden Moore,111
2025-07-24,Lullabyebye,112
2025-07-24,Lena Coxx,113
2025-07-24,LaSirena69,114
2025-07-24,Leya Desantis,115
2025-07-24,Amelia Ost,116
2025-07-24,Kinuski,117
2025-07-24,Alexa Tomas,118
2025-07-24,Eden Ivy,119
2025-07-24,JULIALEXXX,120
2025-07-24,Charlie Red,121
2025-07-24,Kendra Lust,122
2025-07-24,Veronica Weston,123
2025-07-24,Ivey Passion,124
2025-07-24,Milan Cheek,125
2025-07-24,Emma Ruby,126
2025-07-24,Spencer Bradley,127
2025-07-24,Blake Blossom,128
2025-07-24,Nickey Huntsman,129
2025-07-24,Roxy Muray,130
2025-07-24,Valentina Nappi,131
2025-07-24,Alina Lopez,132
2025-07-24,Erin Moore,133
2025-07-24,Alice adorable,134
2025-07-24,Venus Valencia,135
2025-07-24,Nadia Foxx,136
2025-07-24,Alice Klay,137
2025-07-24,Whitney Wright,138
2025-07-24,Chanel Preston,139
2025-07-24,Slimthick Vic,140
2025-07-24,Melody Mae,141
2025-07-24,Katy Rose,142
2025-07-24,Jeniffer Flex,143
2025-07-24,Nesty,144
2025-07-24,JILL KASSIDY,145
2025-07-24,Sophie Choeur,146
2025-07-24,Pristine Edge,147
2025-07-24,Miriam Sinn Nimfa Nice,148
2025-07-24,Bella Rolland,149
2025-07-24,Jesse Pony,150
2025-07-24,Stoya,151
2025-07-24,Lucy Mendez,152
2025-07-24,NakedBakers,153
2025-07-24,Stella Luxx,154
2025-07-24,Maddy Keys,155
2025-07-24,Alice Drake,156
2025-07-24,Sandy Cheeks,157
2025-07-24,Sveltelana,158
2025-07-24,Anissa Kate,159
2025-07-24,Daruma Rai,160
2025-07-24,Whitney OC,161
2025-07-24,Molly Quinn,162
2025-07-24,KENDRA SUNDERLAND,163
2025-07-24,LIZ RAINBOW,164
2025-07-24,Eva Berger,165
2025-07-24,Jenna Sativa,166
2025-07-24,Barbie Feels,167
2025-07-24,Kayden Kross,168
2025-07-24,Veronica Sanchez,169
2025-07-24,Lottie Magne,170
2025-07-24,Cheerleader Kait,171
2025-07-24,ChihuahuaSU,172
2025-07-24,Cassie Del Isla,173
2025-07-24,Carter Cruise,174
2025-07-24,Alice Nice,175
2025-07-24,Jayde Symz,176
2025-07-24,India Summer,177
2025-07-24,Candy Alexa,178
2025-07-24,Lola Bredly,179
2025-07-24,Lindsey Lakes,180
2025-07-24,Vixi Rafi,181
2025-07-24,Liz Jordan,182
2025-07-24,Angelika Grays,183
2025-07-24,Lilly Bella,184
2025-07-24,Isabella Rose,185
2025-07-24,Victoria Brennan,186
2025-07-24,Gypsy Rose,187
2025-07-24,Mary Rock,188
2025-07-24,Leanne Lace,189
2025-07-24,Clemence Audiard,190
2025-07-24,Casey Nohrman,191
2025-07-24,Mila Pie,192
2025-07-24,Thea Lun,193
2025-07-24,🗂INDEX,194
2025-07-24,Reagan Foxx,195
2025-07-24,Keisha Grey,196
2025-07-24,Kimberly Kane,197
2025-07-24,Bobbi Starr,198
2025-07-24,Dee Vine,199
2025-07-24,Candee Licious,200
2025-07-24,Samantha Bentley,201
2025-07-24,Alexa Grace,202
2025-07-24,Conny Carter,203
2025-07-24,Anny Swix,204
2025-07-24,Ovidie,205
2025-07-24,Alexis Deen,206
2025-07-24,Layla London,207
2025-07-24,Paulina Soul,208
2025-07-24,Jade Nile,209
2025-07-24,Ivy Ireland,210
2025-07-24,Ally Breelsen,211
2025-07-24,Dolly Diore,212
2025-07-24,Krystal Sparks,213
2025-07-24,Gracie Gates,214
2025-07-24,Aften Opal,215
2025-07-24,Alecia Fox,216
2025-07-24,Ambra Dolce,217
2025-07-24,Evelyn Claire,218
2025-07-24,Bree Daniels,219
2025-07-24,Andrea Lapiedra,220
2025-07-24,Naomi Wildman,221
2025-07-24,Loli Pop,222
2025-07-24,Amy Douxxx,223
2025-07-24,Melody Mynx,224
2025-07-24,Lisa Belys,225
2025-07-24,Zlata Shine,226
2025-07-24,Eva Ray,227
2025-07-24,Emily Willis,228
2025-07-24,Sara Rich,229
2025-07-24,Lily Bella,230
2025-07-24,Violet Pretty,231
2025-07-24,Hot Pearl,232
2025-07-24,Nikky Dream,233
2025-07-24,Lucy Foxx,234
2025-07-24,Beverly Hillson,235
2025-07-24,zoebytheriver,236
2025-07-24,Alrox,237
2025-07-24,Jade Valentine,238
2025-07-24,River Lynn,239
2025-07-24,Rose Carter,240
2025-07-24,Ivi Rein,241
2025-07-24,Sydney Paige,242
2025-07-24,Serena Sterling,243
2025-07-24,Kristina Grace,244
2025-07-24,Kaira Love,245
2025-07-24,Talia Mint,246
2025-07-24,Alice Flore,247
2025-07-24,Fiona Frost,248
2025-07-24,Stella Sedona,249
2025-07-24,Sandrillon,250
2025-07-24,Siri Dahl,251
2025-07-24,Cherry Candle,252
2025-07-24,Melena Maria Rya,253
2025-07-24,Silvia Soprano,254
2025-07-24,Melissa Stratton,255
2025-07-24,Zuzu Sweet,256
2025-07-24,Sara Heat,257
2025-07-24,Clea Gaultier,258
2025-07-24,Sara Latina,259
2025-07-24,KRISSY LYNN,260
2025-07-24,Graycee Baybee,261
2025-07-24,Stella Cox,262
2025-07-24,April Olsen,263
2025-07-24,Laura Bentley,264
2025-07-24,Dharma Jones,265
2025-07-24,Kitty Lovedream,266
2025-07-24,Remy LaCroix,267
2025-07-24,Sophia Burns,268
2025-07-24,Julia Morozzi,269
2025-07-24,Isabella D,270
2025-07-24,Renee Rose,271
2025-07-24,Freya von Doom,272
2025-07-24,Anika Now,273
2025-07-24,Violet Joly,274
2025-07-24,Anna Claire Clouds,275
2025-07-24,Hazel Moore,276
2025-07-24,Lucky Bee,277
2025-07-24,Valeria Borghese,278
2025-07-24,Chrissy,279
2025-07-24,Lulu Love,280
2025-07-24,SAHARA SKYE,281
2025-07-24,Alika Alba,282
2025-07-24,Nina Nix,283
2025-07-24,Blue Wave,284
2025-07-24,Claudia Bavel,285
2025-07-24,Rayveness,286
2025-07-24,Stella Bliss,287
2025-07-24,Christy Love,288
2025-07-24,RAVEN LANE,289
2025-07-24,Keira Love,290
2025-07-24,Mina Kali,291
2025-07-24,Serina Gomez,292
2025-07-24,Eliza Ibarra,293
2025-07-24,Aurelly Rebel,294
2025-07-24,Cherry X,295
2025-07-24,Elsa Violet,296
2025-07-24,KittyKristen,297
2025-07-24,PE,298
2025-07-24,Juju la bretonne,299
2025-07-24,Penny Flame,300
2025-07-24,Maddy Nelson,301
2025-07-24,HD,302
2025-07-24,PARADISEHILL.cc CHAT 18+,303
2025-07-24,Rebel Rhyder,304
2025-07-24,Stacy Bloom,305
2025-07-24,Sammyyy Stonerrr,306
2025-07-24,Ava Austen,307
2025-07-24,morgpie,308
2025-07-24,Mira Wair,309
2025-07-24,Public,310
2025-07-24,TUSHY,311
2025-07-24,Georgia Jones,312
2025-07-24,Jillian Janson,313
2025-07-24,Anna De Ville,314
2025-07-24,Lily Love,315
2025-07-24,Mya Lorenn,316
2025-07-24,Merida Sat,317
2025-07-24,Chloe Temple,318
2025-07-24,Lindsay Lee,319
2025-07-24,Nika A,320
2025-07-24,Catherine Knight,321
2025-07-24,Valkiria Lapiedra,322
2025-07-24,Juilie Robbie,323
2025-07-24,Kallie Taylor,324
2025-07-24,Renata Foxx,325
2025-07-24,Madison Moores,326
2025-07-24,Riley Jacobs,327
2025-07-24,cristina plaza aa,328
2025-07-24,Cindy Shine,329
2025-07-24,Eva Cela,330
2025-07-24,Alana Cruise,331
2025-07-24,Lauren Phillips,332
2025-07-24,Alex Coal,1
2025-07-24,Millie Morgan,2
2025-07-24,Katrina Colt,3
2025-07-24,Eva Lovia,4
2025-07-24,Jia Lissa,5
2025-07-24,Chanel Camryn,6
2025-07-24,Adriana Chechik,7
2025-07-24,Abigail Mac,8
2025-07-24,Aidra Fox,9
2025-07-24,Octavia Red,10
2025-07-24,Antonia Sainz,11
2025-07-24,Jessica Ryan,12
2025-07-24,Alexis Crystal,13
2025-07-24,Kira Queen,14
2025-07-24,Tori Black,15
2025-07-24,Cassidy Klein,16
2025-07-24,Josephine Jackson,17
2025-07-24,Sybil A,18
2025-07-24,Vintage,19
2025-07-24,Lady Lyne,20
2025-07-24,Cory Chase,21
2025-07-24,Laney Grey,22
2025-07-24,Nephael,23
2025-07-24,Anya Olsen,24
2025-07-24,Aubree Valentine,25
2025-07-24,Cadence Lux,26
2025-07-24,Little Caprice,27
2025-07-24,Ella Hughes,28
2025-07-24,Lily LaBeau,29
2025-07-24,Anita Rover,30
2025-07-24,Serenity Cox,31
2025-07-24,Betzz,32
2025-07-24,Flashing Emma,33
2025-07-24,REBECCA VOLPETTI,34
2025-07-24,CHARLIE FORDE,35
2025-07-24,Crystal Clark,36
2025-07-24,Full Movies,37
2025-07-24,Stacy Cruz,38
2025-07-24,Olive Glass,39
2025-07-24,Lexi Luna,40
2025-07-24,Jessie and Jackson,41
2025-07-24,Melissa sexy hippies,42
2025-07-24,Katie Kush,43
2025-07-24,Brett Rossi,44
2025-07-24,Nikita Bellucci,45
2025-07-24,Kenzie Love,46
2025-07-24,Lexi Dona,47
2025-07-24,Lily Lou,48
2025-07-24,Dolly Dyson,49
2025-07-24,Penny Barber,50
2025-07-24,Sarah Vandella,51
2025-07-24,Cherry Kiss,52
2025-07-24,Gal Ritchie,53
2025-07-24,Britney Amber,54
2025-07-24,EMILY THORNE,55
2025-07-24,Laure Zecchi,56
2025-07-24,Helena Valle,57
2025-07-24,Annie King,58
2025-07-24,Calita Fire,59
2025-07-24,Dani Daniels,60
2025-07-24,Jadilica - Leo Ahsoka,61
2025-07-24,Casey Calvert,62
2025-07-24,Angel Young💋,63
2025-07-24,Lena Paul,64
2025-07-24,Amirah Adara,65
2025-07-24,Angela White,66
2025-07-24,Lilith - Berta Lusty - Felice Morgan,67
2025-07-24,Bonnie Blue,68
2025-07-24,Emma Klein,69
2025-07-24,Joanna Angel,70
2025-07-24,Cherie Deville,71
2025-07-24,Eve Sweet,72
2025-07-24,Lea Pam,73
2025-07-24,Tiffany Leiddi,74
2025-07-24,Andi Rose,75
2025-07-24,Paige Owens,76
2025-07-24,Sumiko,77
2025-07-24,Hailey Rose,78
2025-07-24,Julia Roca,79
2025-07-24,Helena Price,80
2025-07-24,poppynzach,81
2025-07-24,Mia Malkova,82
2025-07-24,Layla Scarlet,83
2025-07-24,Mia melano,84
2025-07-24,Riley Reid,85
2025-07-24,annaplusone,86
2025-07-24,Freya Parker,87
2025-07-24,Aaliyah Love,88
2025-07-24,Agatha Vega,89
2025-07-24,Nicole Emma Vaunt,90
2025-07-24,Charlotte Stokely,91
2025-07-24,Addison Lee,92
2025-07-24,Ophelia Kaan,93
2025-07-24,Ana B,94
2025-07-24,Marie Berger,95
2025-07-24,Savvy Suxx,96
2025-07-24,Nikki Zee,97
2025-07-24,Olivia Sparkle,98
2025-07-24,Chloe Duval,99
2025-07-24,Jeny Smith,100
2025-07-24,maitland ward,101
2025-07-24,Vanna Bardot,102
2025-07-24,Molly Little,103
2025-07-24,Sata Jones,104
2025-07-24,Sloan Harper,105
2025-07-24,Ava Moore,106
2025-07-24,Sharon White,107
2025-07-24,Innocent hotwife,108
2025-07-24,Jane Wilde,109
2025-07-24,Theodora Day,110
2025-07-24,Eden Moore,111
2025-07-24,Lullabyebye,112
2025-07-24,Lena Coxx,113
2025-07-24,LaSirena69,114
2025-07-24,Leya Desantis,115
2025-07-24,Amelia Ost,116
2025-07-24,Kinuski,117
2025-07-24,Alexa Tomas,118
2025-07-24,Eden Ivy,119
2025-07-24,JULIALEXXX,120
2025-07-24,Charlie Red,121
2025-07-24,Kendra Lust,122
2025-07-24,Veronica Weston,123
2025-07-24,Ivey Passion,124
2025-07-24,Milan Cheek,125
2025-07-24,Emma Ruby,126
2025-07-24,Spencer Bradley,127
2025-07-24,Blake Blossom,128
2025-07-24,Nickey Huntsman,129
2025-07-24,Roxy Muray,130
2025-07-24,Valentina Nappi,131
2025-07-24,Alina Lopez,132
2025-07-24,Erin Moore,133
2025-07-24,Alice adorable,134
2025-07-24,Venus Valencia,135
2025-07-24,Nadia Foxx,136
2025-07-24,Alice Klay,137
2025-07-24,Whitney Wright,138
2025-07-24,Chanel Preston,139
2025-07-24,Slimthick Vic,140
2025-07-24,Melody Mae,141
2025-07-24,Katy Rose,142
2025-07-24,Jeniffer Flex,143
2025-07-24,Nesty,144
2025-07-24,JILL KASSIDY,145
2025-07-24,Sophie Choeur,146
2025-07-24,Pristine Edge,147
2025-07-24,Miriam Sinn Nimfa Nice,148
2025-07-24,Bella Rolland,149
2025-07-24,Jesse Pony,150
2025-07-24,Stoya,151
2025-07-24,Lucy Mendez,152
2025-07-24,NakedBakers,153
2025-07-24,Stella Luxx,154
2025-07-24,Maddy Keys,155
2025-07-24,Alice Drake,156
2025-07-24,Sandy Cheeks,157
2025-07-24,Sveltelana,158
2025-07-24,Anissa Kate,159
2025-07-24,Daruma Rai,160
2025-07-24,Whitney OC,161
2025-07-24,Molly Quinn,162
2025-07-24,KENDRA SUNDERLAND,163
2025-07-24,LIZ RAINBOW,164
2025-07-24,Eva Berger,165
2025-07-24,Jenna Sativa,166
2025-07-24,Barbie Feels,167
2025-07-24,Kayden Kross,168
2025-07-24,Veronica Sanchez,169
2025-07-24,Lottie Magne,170
2025-07-24,Cheerleader Kait,171
2025-07-24,ChihuahuaSU,172
2025-07-24,Cassie Del Isla,173
2025-07-24,Carter Cruise,174
2025-07-24,Alice Nice,175
2025-07-24,Jayde Symz,176
2025-07-24,India Summer,177
2025-07-24,Candy Alexa,178
2025-07-24,Lola Bredly,179
2025-07-24,Lindsey Lakes,180
2025-07-24,Vixi Rafi,181
2025-07-24,Liz Jordan,182
2025-07-24,Angelika Grays,183
2025-07-24,Lilly Bella,184
2025-07-24,Isabella Rose,185
2025-07-24,Victoria Brennan,186
2025-07-24,Gypsy Rose,187
2025-07-24,Mary Rock,188
2025-07-24,Leanne Lace,189
2025-07-24,Clemence Audiard,190
2025-07-24,Casey Nohrman,191
2025-07-24,Mila Pie,192
2025-07-24,Thea Lun,193
2025-07-24,🗂INDEX,194
2025-07-24,Reagan Foxx,195
2025-07-24,Keisha Grey,196
2025-07-24,Kimberly Kane,197
2025-07-24,Bobbi Starr,198
2025-07-24,Dee Vine,199
2025-07-24,Candee Licious,200
2025-07-24,Samantha Bentley,201
2025-07-24,Alexa Grace,202
2025-07-24,Conny Carter,203
2025-07-24,Anny Swix,204
2025-07-24,Ovidie,205
2025-07-24,Alexis Deen,206
2025-07-24,Layla London,207
2025-07-24,Paulina Soul,208
2025-07-24,Jade Nile,209
2025-07-24,Ivy Ireland,210
2025-07-24,Ally Breelsen,211
2025-07-24,Dolly Diore,212
2025-07-24,Krystal Sparks,213
2025-07-24,Gracie Gates,214
2025-07-24,Aften Opal,215
2025-07-24,Alecia Fox,216
2025-07-24,Ambra Dolce,217
2025-07-24,Evelyn Claire,218
2025-07-24,Bree Daniels,219
2025-07-24,Andrea Lapiedra,220
2025-07-24,Naomi Wildman,221
2025-07-24,Loli Pop,222
2025-07-24,Amy Douxxx,223
2025-07-24,Melody Mynx,224
2025-07-24,Lisa Belys,225
2025-07-24,Zlata Shine,226
2025-07-24,Eva Ray,227
2025-07-24,Emily Willis,228
2025-07-24,Sara Rich,229
2025-07-24,Lily Bella,230
2025-07-24,Violet Pretty,231
2025-07-24,Hot Pearl,232
2025-07-24,Nikky Dream,233
2025-07-24,Lucy Foxx,234
2025-07-24,Beverly Hillson,235
2025-07-24,zoebytheriver,236
2025-07-24,Alrox,237
2025-07-24,Jade Valentine,238
2025-07-24,River Lynn,239
2025-07-24,Rose Carter,240
2025-07-24,Ivi Rein,241
2025-07-24,Sydney Paige,242
2025-07-24,Serena Sterling,243
2025-07-24,Kristina Grace,244
2025-07-24,Kaira Love,245
2025-07-24,Talia Mint,246
2025-07-24,Alice Flore,247
2025-07-24,Fiona Frost,248
2025-07-24,Stella Sedona,249
2025-07-24,Sandrillon,250
2025-07-24,Siri Dahl,251
2025-07-24,Cherry Candle,252
2025-07-24,Melena Maria Rya,253
2025-07-24,Silvia Soprano,254
2025-07-24,Melissa Stratton,255
2025-07-24,Zuzu Sweet,256
2025-07-24,Sara Heat,257
2025-07-24,Clea Gaultier,258
2025-07-24,Sara Latina,259
2025-07-24,KRISSY LYNN,260
2025-07-24,Graycee Baybee,261
2025-07-24,Stella Cox,262
2025-07-24,April Olsen,263
2025-07-24,Laura Bentley,264
2025-07-24,Dharma Jones,265
2025-07-24,Kitty Lovedream,266
2025-07-24,Remy LaCroix,267
2025-07-24,Sophia Burns,268
2025-07-24,Julia Morozzi,269
2025-07-24,Isabella D,270
2025-07-24,Renee Rose,271
2025-07-24,Freya von Doom,272
2025-07-24,Anika Now,273
2025-07-24,Violet Joly,274
2025-07-24,Anna Claire Clouds,275
2025-07-24,Hazel Moore,276
2025-07-24,Lucky Bee,277
2025-07-24,Valeria Borghese,278
2025-07-24,Chrissy,279
2025-07-24,Lulu Love,280
2025-07-24,SAHARA SKYE,281
2025-07-24,Alika Alba,282
2025-07-24,Nina Nix,283
2025-07-24,Blue Wave,284
2025-07-24,Claudia Bavel,285
2025-07-24,Rayveness,286
2025-07-24,Stella Bliss,287
2025-07-24,Christy Love,288
2025-07-24,RAVEN LANE,289
2025-07-24,Keira Love,290
2025-07-24,Mina Kali,291
2025-07-24,Serina Gomez,292
2025-07-24,Eliza Ibarra,293
2025-07-24,Aurelly Rebel,294
2025-07-24,Cherry X,295
2025-07-24,Elsa Violet,296
2025-07-24,KittyKristen,297
2025-07-24,PE,298
2025-07-24,Juju la bretonne,299
2025-07-24,Penny Flame,300
2025-07-24,Maddy Nelson,301
2025-07-24,HD,302
2025-07-24,PARADISEHILL.cc CHAT 18+,303
2025-07-24,Rebel Rhyder,304
2025-07-24,Stacy Bloom,305
2025-07-24,Sammyyy Stonerrr,306
2025-07-24,Ava Austen,307
2025-07-24,morgpie,308
2025-07-24,Mira Wair,309
2025-07-24,Public,310
2025-07-24,TUSHY,311
2025-07-24,Georgia Jones,312
2025-07-24,Jillian Janson,313
2025-07-24,Anna De Ville,314
2025-07-24,Lily Love,315
2025-07-24,Mya Lorenn,316
2025-07-24,Merida Sat,317
2025-07-24,Chloe Temple,318
2025-07-24,Lindsay Lee,319
2025-07-24,Nika A,320
2025-07-24,Catherine Knight,321
2025-07-24,Valkiria Lapiedra,322
2025-07-24,Juilie Robbie,323
2025-07-24,Kallie Taylor,324
2025-07-24,Renata Foxx,325
2025-07-24,Madison Moores,326
2025-07-24,Riley Jacobs,327
2025-07-24,cristina plaza aa,328
2025-07-24,Cindy Shine,329
2025-07-24,Eva Cela,330
2025-07-24,Alana Cruise,331
2025-07-24,Lauren Phillips,332
2025-07-24,Alex Coal,1
2025-07-24,Millie Morgan,2
2025-07-24,Katrina Colt,3
2025-07-24,Eva Lovia,4
2025-07-24,Jia Lissa,5
2025-07-24,Chanel Camryn,6
2025-07-24,Adriana Chechik,7
2025-07-24,Abigail Mac,8
2025-07-24,Aidra Fox,9
2025-07-24,Octavia Red,10
2025-07-24,Antonia Sainz,11
2025-07-24,Jessica Ryan,12
2025-07-24,Alexis Crystal,13
2025-07-24,Kira Queen,14
2025-07-24,Tori Black,15
2025-07-24,Cassidy Klein,16
2025-07-24,Josephine Jackson,17
2025-07-24,Sybil A,18
2025-07-24,Vintage,19
2025-07-24,Lady Lyne,20
2025-07-24,Cory Chase,21
2025-07-24,Laney Grey,22
2025-07-24,Nephael,23
2025-07-24,Anya Olsen,24
2025-07-24,Aubree Valentine,25
2025-07-24,Cadence Lux,26
2025-07-24,Little Caprice,27
2025-07-24,Ella Hughes,28
2025-07-24,Lily LaBeau,29
2025-07-24,Anita Rover,30
2025-07-24,Serenity Cox,31
2025-07-24,Betzz,32
2025-07-24,Flashing Emma,33
2025-07-24,REBECCA VOLPETTI,34
2025-07-24,CHARLIE FORDE,35
2025-07-24,Crystal Clark,36
2025-07-24,Full Movies,37
2025-07-24,Stacy Cruz,38
2025-07-24,Olive Glass,39
2025-07-24,Lexi Luna,40
2025-07-24,Jessie and Jackson,41
2025-07-24,Melissa sexy hippies,42
2025-07-24,Katie Kush,43
2025-07-24,Brett Rossi,44
2025-07-24,Nikita Bellucci,45
2025-07-24,Kenzie Love,46
2025-07-24,Lexi Dona,47
2025-07-24,Lily Lou,48
2025-07-24,Dolly Dyson,49
2025-07-24,Penny Barber,50
2025-07-24,Sarah Vandella,51
2025-07-24,Cherry Kiss,52
2025-07-24,Gal Ritchie,53
2025-07-24,Britney Amber,54
2025-07-24,EMILY THORNE,55
2025-07-24,Laure Zecchi,56
2025-07-24,Helena Valle,57
2025-07-24,Annie King,58
2025-07-24,Calita Fire,59
2025-07-24,Dani Daniels,60
2025-07-24,Jadilica - Leo Ahsoka,61
2025-07-24,Casey Calvert,62
2025-07-24,Angel Young💋,63
2025-07-24,Lena Paul,64
2025-07-24,Amirah Adara,65
2025-07-24,Angela White,66
2025-07-24,Lilith - Berta Lusty - Felice Morgan,67
2025-07-24,Bonnie Blue,68
2025-07-24,Emma Klein,69
2025-07-24,Joanna Angel,70
2025-07-24,Cherie Deville,71
2025-07-24,Eve Sweet,72
2025-07-24,Lea Pam,73
2025-07-24,Tiffany Leiddi,74
2025-07-24,Andi Rose,75
2025-07-24,Paige Owens,76
2025-07-24,Sumiko,77
2025-07-24,Hailey Rose,78
2025-07-24,Julia Roca,79
2025-07-24,Helena Price,80
2025-07-24,poppynzach,81
2025-07-24,Mia Malkova,82
2025-07-24,Layla Scarlet,83
2025-07-24,Mia melano,84
2025-07-24,Riley Reid,85
2025-07-24,annaplusone,86
2025-07-24,Freya Parker,87
2025-07-24,Aaliyah Love,88
2025-07-24,Agatha Vega,89
2025-07-24,Nicole Emma Vaunt,90
2025-07-24,Charlotte Stokely,91
2025-07-24,Addison Lee,92
2025-07-24,Ophelia Kaan,93
2025-07-24,Ana B,94
2025-07-24,Marie Berger,95
2025-07-24,Savvy Suxx,96
2025-07-24,Nikki Zee,97
2025-07-24,Olivia Sparkle,98
2025-07-24,Chloe Duval,99
2025-07-24,Jeny Smith,100
2025-07-24,maitland ward,101
2025-07-24,Vanna Bardot,102
2025-07-24,Molly Little,103
2025-07-24,Sata Jones,104
2025-07-24,Sloan Harper,105
2025-07-24,Ava Moore,106
2025-07-24,Sharon White,107
2025-07-24,Innocent hotwife,108
2025-07-24,Jane Wilde,109
2025-07-24,Theodora Day,110
2025-07-24,Eden Moore,111
2025-07-24,Lullabyebye,112
2025-07-24,Lena Coxx,113
2025-07-24,LaSirena69,114
2025-07-24,Leya Desantis,115
2025-07-24,Amelia Ost,116
2025-07-24,Kinuski,117
2025-07-24,Alexa Tomas,118
2025-07-24,Eden Ivy,119
2025-07-24,JULIALEXXX,120
2025-07-24,Charlie Red,121
2025-07-24,Kendra Lust,122
2025-07-24,Veronica Weston,123
2025-07-24,Ivey Passion,124
2025-07-24,Milan Cheek,125
2025-07-24,Emma Ruby,126
2025-07-24,Spencer Bradley,127
2025-07-24,Blake Blossom,128
2025-07-24,Nickey Huntsman,129
2025-07-24,Roxy Muray,130
2025-07-24,Valentina Nappi,131
2025-07-24,Alina Lopez,132
2025-07-24,Erin Moore,133
2025-07-24,Alice adorable,134
2025-07-24,Venus Valencia,135
2025-07-24,Nadia Foxx,136
2025-07-24,Alice Klay,137
2025-07-24,Whitney Wright,138
2025-07-24,Chanel Preston,139
2025-07-24,Slimthick Vic,140
2025-07-24,Melody Mae,141
2025-07-24,Katy Rose,142
2025-07-24,Jeniffer Flex,143
2025-07-24,Nesty,144
2025-07-24,JILL KASSIDY,145
2025-07-24,Sophie Choeur,146
2025-07-24,Pristine Edge,147
2025-07-24,Miriam Sinn Nimfa Nice,148
2025-07-24,Bella Rolland,149
2025-07-24,Jesse Pony,150
2025-07-24,Stoya,151
2025-07-24,Lucy Mendez,152
2025-07-24,NakedBakers,153
2025-07-24,Stella Luxx,154
2025-07-24,Maddy Keys,155
2025-07-24,Alice Drake,156
2025-07-24,Sandy Cheeks,157
2025-07-24,Sveltelana,158
2025-07-24,Anissa Kate,159
2025-07-24,Daruma Rai,160
2025-07-24,Whitney OC,161
2025-07-24,Molly Quinn,162
2025-07-24,KENDRA SUNDERLAND,163
2025-07-24,LIZ RAINBOW,164
2025-07-24,Eva Berger,165
2025-07-24,Jenna Sativa,166
2025-07-24,Barbie Feels,167
2025-07-24,Kayden Kross,168
2025-07-24,Veronica Sanchez,169
2025-07-24,Lottie Magne,170
2025-07-24,Cheerleader Kait,171
2025-07-24,ChihuahuaSU,172
2025-07-24,Cassie Del Isla,173
2025-07-24,Carter Cruise,174
2025-07-24,Alice Nice,175
2025-07-24,Jayde Symz,176
2025-07-24,India Summer,177
2025-07-24,Candy Alexa,178
2025-07-24,Lola Bredly,179
2025-07-24,Lindsey Lakes,180
2025-07-24,Vixi Rafi,181
2025-07-24,Liz Jordan,182
2025-07-24,Angelika Grays,183
2025-07-24,Lilly Bella,184
2025-07-24,Isabella Rose,185
2025-07-24,Victoria Brennan,186
2025-07-24,Gypsy Rose,187
2025-07-24,Mary Rock,188
2025-07-24,Leanne Lace,189
2025-07-24,Clemence Audiard,190
2025-07-24,Casey Nohrman,191
2025-07-24,Mila Pie,192
2025-07-24,Thea Lun,193
2025-07-24,🗂INDEX,194
2025-07-24,Reagan Foxx,195
2025-07-24,Keisha Grey,196
2025-07-24,Kimberly Kane,197
2025-07-24,Bobbi Starr,198
2025-07-24,Dee Vine,199
2025-07-24,Candee Licious,200
2025-07-24,Samantha Bentley,201
2025-07-24,Alexa Grace,202
2025-07-24,Conny Carter,203
2025-07-24,Anny Swix,204
2025-07-24,Ovidie,205
2025-07-24,Alexis Deen,206
2025-07-24,Layla London,207
2025-07-24,Paulina Soul,208
2025-07-24,Jade Nile,209
2025-07-24,Ivy Ireland,210
2025-07-24,Ally Breelsen,211
2025-07-24,Dolly Diore,212
2025-07-24,Krystal Sparks,213
2025-07-24,Gracie Gates,214
2025-07-24,Aften Opal,215
2025-07-24,Alecia Fox,216
2025-07-24,Ambra Dolce,217
2025-07-24,Evelyn Claire,218
2025-07-24,Bree Daniels,219
2025-07-24,Andrea Lapiedra,220
2025-07-24,Naomi Wildman,221
2025-07-24,Loli Pop,222
2025-07-24,Amy Douxxx,223
2025-07-24,Melody Mynx,224
2025-07-24,Lisa Belys,225
2025-07-24,Zlata Shine,226
2025-07-24,Eva Ray,227
2025-07-24,Emily Willis,228
2025-07-24,Sara Rich,229
2025-07-24,Lily Bella,230
2025-07-24,Violet Pretty,231
2025-07-24,Hot Pearl,232
2025-07-24,Nikky Dream,233
2025-07-24,Lucy Foxx,234
2025-07-24,Beverly Hillson,235
2025-07-24,zoebytheriver,236
2025-07-24,Alrox,237
2025-07-24,Jade Valentine,238
2025-07-24,River Lynn,239
2025-07-24,Rose Carter,240
2025-07-24,Ivi Rein,241
2025-07-24,Sydney Paige,242
2025-07-24,Serena Sterling,243
2025-07-24,Kristina Grace,244
2025-07-24,Kaira Love,245
2025-07-24,Talia Mint,246
2025-07-24,Alice Flore,247
2025-07-24,Fiona Frost,248
2025-07-24,Stella Sedona,249
2025-07-24,Sandrillon,250
2025-07-24,Siri Dahl,251
2025-07-24,Cherry Candle,252
2025-07-24,Melena Maria Rya,253
2025-07-24,Silvia Soprano,254
2025-07-24,Melissa Stratton,255
2025-07-24,Zuzu Sweet,256
2025-07-24,Sara Heat,257
2025-07-24,Clea Gaultier,258
2025-07-24,Sara Latina,259
2025-07-24,KRISSY LYNN,260
2025-07-24,Graycee Baybee,261
2025-07-24,Stella Cox,262
2025-07-24,April Olsen,263
2025-07-24,Laura Bentley,264
2025-07-24,Dharma Jones,265
2025-07-24,Kitty Lovedream,266
2025-07-24,Remy LaCroix,267
2025-07-24,Sophia Burns,268
2025-07-24,Julia Morozzi,269
2025-07-24,Isabella D,270
2025-07-24,Renee Rose,271
2025-07-24,Freya von Doom,272
2025-07-24,Anika Now,273
2025-07-24,Violet Joly,274
2025-07-24,Anna Claire Clouds,275
2025-07-24,Hazel Moore,276
2025-07-24,Lucky Bee,277
2025-07-24,Valeria Borghese,278
2025-07-24,Chrissy,279
2025-07-24,Lulu Love,280
2025-07-24,SAHARA SKYE,281
2025-07-24,Alika Alba,282
2025-07-24,Nina Nix,283
2025-07-24,Blue Wave,284
2025-07-24,Claudia Bavel,285
2025-07-24,Rayveness,286
2025-07-24,Stella Bliss,287
2025-07-24,Christy Love,288
2025-07-24,RAVEN LANE,289
2025-07-24,Keira Love,290
2025-07-24,Mina Kali,291
2025-07-24,Serina Gomez,292
2025-07-24,Eliza Ibarra,293
2025-07-24,Aurelly Rebel,294
2025-07-24,Cherry X,295
2025-07-24,Elsa Violet,296
2025-07-24,KittyKristen,297
2025-07-24,PE,298
2025-07-24,Juju la bretonne,299
2025-07-24,Penny Flame,300
2025-07-24,Maddy Nelson,301
2025-07-24,HD,302
2025-07-24,PARADISEHILL.cc CHAT 18+,303
2025-07-24,Rebel Rhyder,304
2025-07-24,Stacy Bloom,305
2025-07-24,Sammyyy Stonerrr,306
2025-07-24,Ava Austen,307
2025-07-24,morgpie,308
2025-07-24,Mira Wair,309
2025-07-24,Public,310
2025-07-24,TUSHY,311
2025-07-24,Georgia Jones,312
2025-07-24,Jillian Janson,313
2025-07-24,Anna De Ville,314
2025-07-24,Lily Love,315
2025-07-24,Mya Lorenn,316
2025-07-24,Merida Sat,317
2025-07-24,Chloe Temple,318
2025-07-24,Lindsay Lee,319
2025-07-24,Nika A,320
2025-07-24,Catherine Knight,321
2025-07-24,Valkiria Lapiedra,322
2025-07-24,Juilie Robbie,323
2025-07-24,Kallie Taylor,324
2025-07-24,Renata Foxx,325
2025-07-24,Madison Moores,326
2025-07-24,Riley Jacobs,327
2025-07-24,cristina plaza aa,328
2025-07-24,Cindy Shine,329
2025-07-24,Eva Cela,330
2025-07-24,Alana Cruise,331
2025-07-24,Lauren Phillips,332
2025-07-24,Alex Coal,1
2025-07-24,Millie Morgan,2
2025-07-24,Katrina Colt,3
2025-07-24,Eva Lovia,4
2025-07-24,Jia Lissa,5
2025-07-24,Chanel Camryn,6
2025-07-24,Adriana Chechik,7
2025-07-24,Abigail Mac,8
2025-07-24,Aidra Fox,9
2025-07-24,Octavia Red,10
2025-07-24,Antonia Sainz,11
2025-07-24,Jessica Ryan,12
2025-07-24,Alexis Crystal,13
2025-07-24,Kira Queen,14
2025-07-24,Tori Black,15
2025-07-24,Cassidy Klein,16
2025-07-24,Josephine Jackson,17
2025-07-24,Sybil A,18
2025-07-24,Vintage,19
2025-07-24,Lady Lyne,20
2025-07-24,Cory Chase,21
2025-07-24,Laney Grey,22
2025-07-24,Nephael,23
2025-07-24,Anya Olsen,24
2025-07-24,Aubree Valentine,25
2025-07-24,Cadence Lux,26
2025-07-24,Little Caprice,27
2025-07-24,Ella Hughes,28
2025-07-24,Lily LaBeau,29
2025-07-24,Anita Rover,30
2025-07-24,Serenity Cox,31
2025-07-24,Betzz,32
2025-07-24,Flashing Emma,33
2025-07-24,REBECCA VOLPETTI,34
2025-07-24,CHARLIE FORDE,35
2025-07-24,Crystal Clark,36
2025-07-24,Full Movies,37
2025-07-24,Stacy Cruz,38
2025-07-24,Olive Glass,39
2025-07-24,Lexi Luna,40
2025-07-24,Jessie and Jackson,41
2025-07-24,Melissa sexy hippies,42
2025-07-24,Katie Kush,43
2025-07-24,Brett Rossi,44
2025-07-24,Nikita Bellucci,45
2025-07-24,Kenzie Love,46
2025-07-24,Lexi Dona,47
2025-07-24,Lily Lou,48
2025-07-24,Dolly Dyson,49
2025-07-24,Penny Barber,50
2025-07-24,Sarah Vandella,51
2025-07-24,Cherry Kiss,52
2025-07-24,Gal Ritchie,53
2025-07-24,Britney Amber,54
2025-07-24,EMILY THORNE,55
2025-07-24,Laure Zecchi,56
2025-07-24,Helena Valle,57
2025-07-24,Annie King,58
2025-07-24,Calita Fire,59
2025-07-24,Dani Daniels,60
2025-07-24,Jadilica - Leo Ahsoka,61
2025-07-24,Casey Calvert,62
2025-07-24,Angel Young💋,63
2025-07-24,Lena Paul,64
2025-07-24,Amirah Adara,65
2025-07-24,Angela White,66
2025-07-24,Lilith - Berta Lusty - Felice Morgan,67
2025-07-24,Bonnie Blue,68
2025-07-24,Emma Klein,69
2025-07-24,Joanna Angel,70
2025-07-24,Cherie Deville,71
2025-07-24,Eve Sweet,72
2025-07-24,Lea Pam,73
2025-07-24,Tiffany Leiddi,74
2025-07-24,Andi Rose,75
2025-07-24,Paige Owens,76
2025-07-24,Sumiko,77
2025-07-24,Hailey Rose,78
2025-07-24,Julia Roca,79
2025-07-24,Helena Price,80
2025-07-24,poppynzach,81
2025-07-24,Mia Malkova,82
2025-07-24,Layla Scarlet,83
2025-07-24,Mia melano,84
2025-07-24,Riley Reid,85
2025-07-24,annaplusone,86
2025-07-24,Freya Parker,87
2025-07-24,Aaliyah Love,88
2025-07-24,Agatha Vega,89
2025-07-24,Nicole Emma Vaunt,90
2025-07-24,Charlotte Stokely,91
2025-07-24,Addison Lee,92
2025-07-24,Ophelia Kaan,93
2025-07-24,Ana B,94
2025-07-24,Marie Berger,95
2025-07-24,Savvy Suxx,96
2025-07-24,Nikki Zee,97
2025-07-24,Olivia Sparkle,98
2025-07-24,Chloe Duval,99
2025-07-24,Jeny Smith,100
2025-07-24,maitland ward,101
2025-07-24,Vanna Bardot,102
2025-07-24,Molly Little,103
2025-07-24,Sata Jones,104
2025-07-24,Sloan Harper,105
2025-07-24,Ava Moore,106
2025-07-24,Sharon White,107
2025-07-24,Innocent hotwife,108
2025-07-24,Jane Wilde,109
2025-07-24,Theodora Day,110
2025-07-24,Eden Moore,111
2025-07-24,Lullabyebye,112
2025-07-24,Lena Coxx,113
2025-07-24,LaSirena69,114
2025-07-24,Leya Desantis,115
2025-07-24,Amelia Ost,116
2025-07-24,Kinuski,117
2025-07-24,Alexa Tomas,118
2025-07-24,Eden Ivy,119
2025-07-24,JULIALEXXX,120
2025-07-24,Charlie Red,121
2025-07-24,Kendra Lust,122
2025-07-24,Veronica Weston,123
2025-07-24,Ivey Passion,124
2025-07-24,Milan Cheek,125
2025-07-24,Emma Ruby,126
2025-07-24,Spencer Bradley,127
2025-07-24,Blake Blossom,128
2025-07-24,Nickey Huntsman,129
2025-07-24,Roxy Muray,130
2025-07-24,Valentina Nappi,131
2025-07-24,Alina Lopez,132
2025-07-24,Erin Moore,133
2025-07-24,Alice adorable,134
2025-07-24,Venus Valencia,135
2025-07-24,Nadia Foxx,136
2025-07-24,Alice Klay,137
2025-07-24,Whitney Wright,138
2025-07-24,Chanel Preston,139
2025-07-24,Slimthick Vic,140
2025-07-24,Melody Mae,141
2025-07-24,Katy Rose,142
2025-07-24,Jeniffer Flex,143
2025-07-24,Nesty,144
2025-07-24,JILL KASSIDY,145
2025-07-24,Sophie Choeur,146
2025-07-24,Pristine Edge,147
2025-07-24,Miriam Sinn Nimfa Nice,148
2025-07-24,Bella Rolland,149
2025-07-24,Jesse Pony,150
2025-07-24,Stoya,151
2025-07-24,Lucy Mendez,152
2025-07-24,NakedBakers,153
2025-07-24,Stella Luxx,154
2025-07-24,Maddy Keys,155
2025-07-24,Alice Drake,156
2025-07-24,Sandy Cheeks,157
2025-07-24,Sveltelana,158
2025-07-24,Anissa Kate,159
2025-07-24,Daruma Rai,160
2025-07-24,Whitney OC,161
2025-07-24,Molly Quinn,162
2025-07-24,KENDRA SUNDERLAND,163
2025-07-24,LIZ RAINBOW,164
2025-07-24,Eva Berger,165
2025-07-24,Jenna Sativa,166
2025-07-24,Barbie Feels,167
2025-07-24,Kayden Kross,168
2025-07-24,Veronica Sanchez,169
2025-07-24,Lottie Magne,170
2025-07-24,Cheerleader Kait,171
2025-07-24,ChihuahuaSU,172
2025-07-24,Cassie Del Isla,173
2025-07-24,Carter Cruise,174
2025-07-24,Alice Nice,175
2025-07-24,Jayde Symz,176
2025-07-24,India Summer,177
2025-07-24,Candy Alexa,178
2025-07-24,Lola Bredly,179
2025-07-24,Lindsey Lakes,180
2025-07-24,Vixi Rafi,181
2025-07-24,Liz Jordan,182
2025-07-24,Angelika Grays,183
2025-07-24,Lilly Bella,184
2025-07-24,Isabella Rose,185
2025-07-24,Victoria Brennan,186
2025-07-24,Gypsy Rose,187
2025-07-24,Mary Rock,188
2025-07-24,Leanne Lace,189
2025-07-24,Clemence Audiard,190
2025-07-24,Casey Nohrman,191
2025-07-24,Mila Pie,192
2025-07-24,Thea Lun,193
2025-07-24,🗂INDEX,194
2025-07-24,Reagan Foxx,195
2025-07-24,Keisha Grey,196
2025-07-24,Kimberly Kane,197
2025-07-24,Bobbi Starr,198
2025-07-24,Dee Vine,199
2025-07-24,Candee Licious,200
2025-07-24,Samantha Bentley,201
2025-07-24,Alexa Grace,202
2025-07-24,Conny Carter,203
2025-07-24,Anny Swix,204
2025-07-24,Ovidie,205
2025-07-24,Alexis Deen,206
2025-07-24,Layla London,207
2025-07-24,Paulina Soul,208
2025-07-24,Jade Nile,209
2025-07-24,Ivy Ireland,210
2025-07-24,Ally Breelsen,211
2025-07-24,Dolly Diore,212
2025-07-24,Krystal Sparks,213
2025-07-24,Gracie Gates,214
2025-07-24,Aften Opal,215
2025-07-24,Alecia Fox,216
2025-07-24,Ambra Dolce,217
2025-07-24,Evelyn Claire,218
2025-07-24,Bree Daniels,219
2025-07-24,Andrea Lapiedra,220
2025-07-24,Naomi Wildman,221
2025-07-24,Loli Pop,222
2025-07-24,Amy Douxxx,223
2025-07-24,Melody Mynx,224
2025-07-24,Lisa Belys,225
2025-07-24,Zlata Shine,226
2025-07-24,Eva Ray,227
2025-07-24,Emily Willis,228
2025-07-24,Sara Rich,229
2025-07-24,Lily Bella,230
2025-07-24,Violet Pretty,231
2025-07-24,Hot Pearl,232
2025-07-24,Nikky Dream,233
2025-07-24,Lucy Foxx,234
2025-07-24,Beverly Hillson,235
2025-07-24,zoebytheriver,236
2025-07-24,Alrox,237
2025-07-24,Jade Valentine,238
2025-07-24,River Lynn,239
2025-07-24,Rose Carter,240
2025-07-24,Ivi Rein,241
2025-07-24,Sydney Paige,242
2025-07-24,Serena Sterling,243
2025-07-24,Kristina Grace,244
2025-07-24,Kaira Love,245
2025-07-24,Talia Mint,246
2025-07-24,Alice Flore,247
2025-07-24,Fiona Frost,248
2025-07-24,Stella Sedona,249
2025-07-24,Sandrillon,250
2025-07-24,Siri Dahl,251
2025-07-24,Cherry Candle,252
2025-07-24,Melena Maria Rya,253
2025-07-24,Silvia Soprano,254
2025-07-24,Melissa Stratton,255
2025-07-24,Zuzu Sweet,256
2025-07-24,Sara Heat,257
2025-07-24,Clea Gaultier,258
2025-07-24,Sara Latina,259
2025-07-24,KRISSY LYNN,260
2025-07-24,Graycee Baybee,261
2025-07-24,Stella Cox,262
2025-07-24,April Olsen,263
2025-07-24,Laura Bentley,264
2025-07-24,Dharma Jones,265
2025-07-24,Kitty Lovedream,266
2025-07-24,Remy LaCroix,267
2025-07-24,Sophia Burns,268
2025-07-24,Julia Morozzi,269
2025-07-24,Isabella D,270
2025-07-24,Renee Rose,271
2025-07-24,Freya von Doom,272
2025-07-24,Anika Now,273
2025-07-24,Violet Joly,274
2025-07-24,Anna Claire Clouds,275
2025-07-24,Hazel Moore,276
2025-07-24,Lucky Bee,277
2025-07-24,Valeria Borghese,278
2025-07-24,Chrissy,279
2025-07-24,Lulu Love,280
2025-07-24,SAHARA SKYE,281
2025-07-24,Alika Alba,282
2025-07-24,Nina Nix,283
2025-07-24,Blue Wave,284
2025-07-24,Claudia Bavel,285
2025-07-24,Rayveness,286
2025-07-24,Stella Bliss,287
2025-07-24,Christy Love,288
2025-07-24,RAVEN LANE,289
2025-07-24,Keira Love,290
2025-07-24,Mina Kali,291
2025-07-24,Serina Gomez,292
2025-07-24,Eliza Ibarra,293
2025-07-24,Aurelly Rebel,294
2025-07-24,Cherry X,295
2025-07-24,Elsa Violet,296
2025-07-24,KittyKristen,297
2025-07-24,PE,298
2025-07-24,Juju la bretonne,299
2025-07-24,Penny Flame,300
2025-07-24,Maddy Nelson,301
2025-07-24,HD,302
2025-07-24,PARADISEHILL.cc CHAT 18+,303
2025-07-24,Rebel Rhyder,304
2025-07-24,Stacy Bloom,305
2025-07-24,Sammyyy Stonerrr,306
2025-07-24,Ava Austen,307
2025-07-24,morgpie,308
2025-07-24,Mira Wair,309
2025-07-24,Public,310
2025-07-24,TUSHY,311
2025-07-24,Georgia Jones,312
2025-07-24,Jillian Janson,313
2025-07-24,Anna De Ville,314
2025-07-24,Lily Love,315
2025-07-24,Mya Lorenn,316
2025-07-24,Merida Sat,317
2025-07-24,Chloe Temple,318
2025-07-24,Lindsay Lee,319
2025-07-24,Nika A,320
2025-07-24,Catherine Knight,321
2025-07-24,Valkiria Lapiedra,322
2025-07-24,Juilie Robbie,323
2025-07-24,Kallie Taylor,324
2025-07-24,Renata Foxx,325
2025-07-24,Madison Moores,326
2025-07-24,Riley Jacobs,327
2025-07-24,cristina plaza aa,328
2025-07-24,Cindy Shine,329
2025-07-24,Eva Cela,330
2025-07-24,Alana Cruise,331
2025-07-24,Lauren Phillips,332
2025-07-24,Alex Coal,1
2025-07-24,Millie Morgan,2
2025-07-24,Katrina Colt,3
2025-07-24,Eva Lovia,4
2025-07-24,Jia Lissa,5
2025-07-24,Chanel Camryn,6
2025-07-24,Adriana Chechik,7
2025-07-24,Abigail Mac,8
2025-07-24,Aidra Fox,9
2025-07-24,Octavia Red,10
2025-07-24,Antonia Sainz,11
2025-07-24,Jessica Ryan,12
2025-07-24,Alexis Crystal,13
2025-07-24,Kira Queen,14
2025-07-24,Tori Black,15
2025-07-24,Cassidy Klein,16
2025-07-24,Josephine Jackson,17
2025-07-24,Sybil A,18
2025-07-24,Vintage,19
2025-07-24,Lady Lyne,20
2025-07-24,Cory Chase,21
2025-07-24,Laney Grey,22
2025-07-24,Nephael,23
2025-07-24,Anya Olsen,24
2025-07-24,Aubree Valentine,25
2025-07-24,Cadence Lux,26
2025-07-24,Little Caprice,27
2025-07-24,Ella Hughes,28
2025-07-24,Lily LaBeau,29
2025-07-24,Anita Rover,30
2025-07-24,Serenity Cox,31
2025-07-24,Betzz,32
2025-07-24,Flashing Emma,33
2025-07-24,REBECCA VOLPETTI,34
2025-07-24,CHARLIE FORDE,35
2025-07-24,Crystal Clark,36
2025-07-24,Full Movies,37
2025-07-24,Stacy Cruz,38
2025-07-24,Olive Glass,39
2025-07-24,Lexi Luna,40
2025-07-24,Jessie and Jackson,41
2025-07-24,Melissa sexy hippies,42
2025-07-24,Katie Kush,43
2025-07-24,Brett Rossi,44
2025-07-24,Nikita Bellucci,45
2025-07-24,Kenzie Love,46
2025-07-24,Lexi Dona,47
2025-07-24,Lily Lou,48
2025-07-24,Dolly Dyson,49
2025-07-24,Penny Barber,50
2025-07-24,Sarah Vandella,51
2025-07-24,Cherry Kiss,52
2025-07-24,Gal Ritchie,53
2025-07-24,Britney Amber,54
2025-07-24,EMILY THORNE,55
2025-07-24,Laure Zecchi,56
2025-07-24,Helena Valle,57
2025-07-24,Annie King,58
2025-07-24,Calita Fire,59
2025-07-24,Dani Daniels,60
2025-07-24,Jadilica - Leo Ahsoka,61
2025-07-24,Casey Calvert,62
2025-07-24,Angel Young💋,63
2025-07-24,Lena Paul,64
2025-07-24,Amirah Adara,65
2025-07-24,Angela White,66
2025-07-24,Lilith - Berta Lusty - Felice Morgan,67
2025-07-24,Bonnie Blue,68
2025-07-24,Emma Klein,69
2025-07-24,Joanna Angel,70
2025-07-24,Cherie Deville,71
2025-07-24,Eve Sweet,72
2025-07-24,Lea Pam,73
2025-07-24,Tiffany Leiddi,74
2025-07-24,Andi Rose,75
2025-07-24,Paige Owens,76
2025-07-24,Sumiko,77
2025-07-24,Hailey Rose,78
2025-07-24,Julia Roca,79
2025-07-24,Helena Price,80
2025-07-24,poppynzach,81
2025-07-24,Mia Malkova,82
2025-07-24,Layla Scarlet,83
2025-07-24,Mia melano,84
2025-07-24,Riley Reid,85
2025-07-24,annaplusone,86
2025-07-24,Freya Parker,87
2025-07-24,Aaliyah Love,88
2025-07-24,Agatha Vega,89
2025-07-24,Nicole Emma Vaunt,90
2025-07-24,Charlotte Stokely,91
2025-07-24,Addison Lee,92
2025-07-24,Ophelia Kaan,93
2025-07-24,Ana B,94
2025-07-24,Marie Berger,95
2025-07-24,Savvy Suxx,96
2025-07-24,Nikki Zee,97
2025-07-24,Olivia Sparkle,98
2025-07-24,Chloe Duval,99
2025-07-24,Jeny Smith,100
2025-07-24,maitland ward,101
2025-07-24,Vanna Bardot,102
2025-07-24,Molly Little,103
2025-07-24,Sata Jones,104
2025-07-24,Sloan Harper,105
2025-07-24,Ava Moore,106
2025-07-24,Sharon White,107
2025-07-24,Innocent hotwife,108
2025-07-24,Jane Wilde,109
2025-07-24,Theodora Day,110
2025-07-24,Eden Moore,111
2025-07-24,Lullabyebye,112
2025-07-24,Lena Coxx,113
2025-07-24,LaSirena69,114
2025-07-24,Leya Desantis,115
2025-07-24,Amelia Ost,116
2025-07-24,Kinuski,117
2025-07-24,Alexa Tomas,118
2025-07-24,Eden Ivy,119
2025-07-24,JULIALEXXX,120
2025-07-24,Charlie Red,121
2025-07-24,Kendra Lust,122
2025-07-24,Veronica Weston,123
2025-07-24,Ivey Passion,124
2025-07-24,Milan Cheek,125
2025-07-24,Emma Ruby,126
2025-07-24,Spencer Bradley,127
2025-07-24,Blake Blossom,128
2025-07-24,Nickey Huntsman,129
2025-07-24,Roxy Muray,130
2025-07-24,Valentina Nappi,131
2025-07-24,Alina Lopez,132
2025-07-24,Erin Moore,133
2025-07-24,Alice adorable,134
2025-07-24,Venus Valencia,135
2025-07-24,Nadia Foxx,136
2025-07-24,Alice Klay,137
2025-07-24,Whitney Wright,138
2025-07-24,Chanel Preston,139
2025-07-24,Slimthick Vic,140
2025-07-24,Melody Mae,141
2025-07-24,Katy Rose,142
2025-07-24,Jeniffer Flex,143
2025-07-24,Nesty,144
2025-07-24,JILL KASSIDY,145
2025-07-24,Sophie Choeur,146
2025-07-24,Pristine Edge,147
2025-07-24,Miriam Sinn Nimfa Nice,148
2025-07-24,Bella Rolland,149
2025-07-24,Jesse Pony,150
2025-07-24,Stoya,151
2025-07-24,Lucy Mendez,152
2025-07-24,NakedBakers,153
2025-07-24,Stella Luxx,154
2025-07-24,Maddy Keys,155
2025-07-24,Alice Drake,156
2025-07-24,Sandy Cheeks,157
2025-07-24,Sveltelana,158
2025-07-24,Anissa Kate,159
2025-07-24,Daruma Rai,160
2025-07-24,Whitney OC,161
2025-07-24,Molly Quinn,162
2025-07-24,KENDRA SUNDERLAND,163
2025-07-24,LIZ RAINBOW,164
2025-07-24,Eva Berger,165
2025-07-24,Jenna Sativa,166
2025-07-24,Barbie Feels,167
2025-07-24,Kayden Kross,168
2025-07-24,Veronica Sanchez,169
2025-07-24,Lottie Magne,170
2025-07-24,Cheerleader Kait,171
2025-07-24,ChihuahuaSU,172
2025-07-24,Cassie Del Isla,173
2025-07-24,Carter Cruise,174
2025-07-24,Alice Nice,175
2025-07-24,Jayde Symz,176
2025-07-24,India Summer,177
2025-07-24,Candy Alexa,178
2025-07-24,Lola Bredly,179
2025-07-24,Lindsey Lakes,180
2025-07-24,Vixi Rafi,181
2025-07-24,Liz Jordan,182
2025-07-24,Angelika Grays,183
2025-07-24,Lilly Bella,184
2025-07-24,Isabella Rose,185
2025-07-24,Victoria Brennan,186
2025-07-24,Gypsy Rose,187
2025-07-24,Mary Rock,188
2025-07-24,Leanne Lace,189
2025-07-24,Clemence Audiard,190
2025-07-24,Casey Nohrman,191
2025-07-24,Mila Pie,192
2025-07-24,Thea Lun,193
2025-07-24,🗂INDEX,194
2025-07-24,Reagan Foxx,195
2025-07-24,Keisha Grey,196
2025-07-24,Kimberly Kane,197
2025-07-24,Bobbi Starr,198
2025-07-24,Dee Vine,199
2025-07-24,Candee Licious,200
2025-07-24,Samantha Bentley,201
2025-07-24,Alexa Grace,202
2025-07-24,Conny Carter,203
2025-07-24,Anny Swix,204
2025-07-24,Ovidie,205
2025-07-24,Alexis Deen,206
2025-07-24,Layla London,207
2025-07-24,Paulina Soul,208
2025-07-24,Jade Nile,209
2025-07-24,Ivy Ireland,210
2025-07-24,Ally Breelsen,211
2025-07-24,Dolly Diore,212
2025-07-24,Krystal Sparks,213
2025-07-24,Gracie Gates,214
2025-07-24,Aften Opal,215
2025-07-24,Alecia Fox,216
2025-07-24,Ambra Dolce,217
2025-07-24,Evelyn Claire,218
2025-07-24,Bree Daniels,219
2025-07-24,Andrea Lapiedra,220
2025-07-24,Naomi Wildman,221
2025-07-24,Loli Pop,222
2025-07-24,Amy Douxxx,223
2025-07-24,Melody Mynx,224
2025-07-24,Lisa Belys,225
2025-07-24,Zlata Shine,226
2025-07-24,Eva Ray,227
2025-07-24,Emily Willis,228
2025-07-24,Sara Rich,229
2025-07-24,Lily Bella,230
2025-07-24,Violet Pretty,231
2025-07-24,Hot Pearl,232
2025-07-24,Nikky Dream,233
2025-07-24,Lucy Foxx,234
2025-07-24,Beverly Hillson,235
2025-07-24,zoebytheriver,236
2025-07-24,Alrox,237
2025-07-24,Jade Valentine,238
2025-07-24,River Lynn,239
2025-07-24,Rose Carter,240
2025-07-24,Ivi Rein,241
2025-07-24,Sydney Paige,242
2025-07-24,Serena Sterling,243
2025-07-24,Kristina Grace,244
2025-07-24,Kaira Love,245
2025-07-24,Talia Mint,246
2025-07-24,Alice Flore,247
2025-07-24,Fiona Frost,248
2025-07-24,Stella Sedona,249
2025-07-24,Sandrillon,250
2025-07-24,Siri Dahl,251
2025-07-24,Cherry Candle,252
2025-07-24,Melena Maria Rya,253
2025-07-24,Silvia Soprano,254
2025-07-24,Melissa Stratton,255
2025-07-24,Zuzu Sweet,256
2025-07-24,Sara Heat,257
2025-07-24,Clea Gaultier,258
2025-07-24,Sara Latina,259
2025-07-24,KRISSY LYNN,260
2025-07-24,Graycee Baybee,261
2025-07-24,Stella Cox,262
2025-07-24,April Olsen,263
2025-07-24,Laura Bentley,264
2025-07-24,Dharma Jones,265
2025-07-24,Kitty Lovedream,266
2025-07-24,Remy LaCroix,267
2025-07-24,Sophia Burns,268
2025-07-24,Julia Morozzi,269
2025-07-24,Isabella D,270
2025-07-24,Renee Rose,271
2025-07-24,Freya von Doom,272
2025-07-24,Anika Now,273
2025-07-24,Violet Joly,274
2025-07-24,Anna Claire Clouds,275
2025-07-24,Hazel Moore,276
2025-07-24,Lucky Bee,277
2025-07-24,Valeria Borghese,278
2025-07-24,Chrissy,279
2025-07-24,Lulu Love,280
2025-07-24,SAHARA SKYE,281
2025-07-24,Alika Alba,282
2025-07-24,Nina Nix,283
2025-07-24,Blue Wave,284
2025-07-24,Claudia Bavel,285
2025-07-24,Rayveness,286
2025-07-24,Stella Bliss,287
2025-07-24,Christy Love,288
2025-07-24,RAVEN LANE,289
2025-07-24,Keira Love,290
2025-07-24,Mina Kali,291
2025-07-24,Serina Gomez,292
2025-07-24,Eliza Ibarra,293
2025-07-24,Aurelly Rebel,294
2025-07-24,Cherry X,295
2025-07-24,Elsa Violet,296
2025-07-24,KittyKristen,297
2025-07-24,PE,298
2025-07-24,Juju la bretonne,299
2025-07-24,Penny Flame,300
2025-07-24,Maddy Nelson,301
2025-07-24,HD,302
2025-07-24,PARADISEHILL.cc CHAT 18+,303
2025-07-24,Rebel Rhyder,304
2025-07-24,Stacy Bloom,305
2025-07-24,Sammyyy Stonerrr,306
2025-07-24,Ava Austen,307
2025-07-24,morgpie,308
2025-07-24,Mira Wair,309
2025-07-24,Public,310
2025-07-24,TUSHY,311
2025-07-24,Georgia Jones,312
2025-07-24,Jillian Janson,313
2025-07-24,Anna De Ville,314
2025-07-24,Lily Love,315
2025-07-24,Mya Lorenn,316
2025-07-24,Merida Sat,317
2025-07-24,Chloe Temple,318
2025-07-24,Lindsay Lee,319
2025-07-24,Nika A,320
2025-07-24,Catherine Knight,321
2025-07-24,Valkiria Lapiedra,322
2025-07-24,Juilie Robbie,323
2025-07-24,Kallie Taylor,324
2025-07-24,Renata Foxx,325
2025-07-24,Madison Moores,326
2025-07-24,Riley Jacobs,327
2025-07-24,cristina plaza aa,328
2025-07-24,Cindy Shine,329
2025-07-24,Eva Cela,330
2025-07-24,Alana Cruise,331
2025-07-24,Lauren Phillips,332
2025-07-24,Alex Coal,1
2025-07-24,Millie Morgan,2
2025-07-24,Katrina Colt,3
2025-07-24,Eva Lovia,4
2025-07-24,Jia Lissa,5
2025-07-24,Chanel Camryn,6
2025-07-24,Adriana Chechik,7
2025-07-24,Abigail Mac,8
2025-07-24,Aidra Fox,9
2025-07-24,Octavia Red,10
2025-07-24,Antonia Sainz,11
2025-07-24,Jessica Ryan,12
2025-07-24,Alexis Crystal,13
2025-07-24,Kira Queen,14
2025-07-24,Tori Black,15
2025-07-24,Cassidy Klein,16
2025-07-24,Josephine Jackson,17
2025-07-24,Sybil A,18
2025-07-24,Vintage,19
2025-07-24,Lady Lyne,20
2025-07-24,Cory Chase,21
2025-07-24,Laney Grey,22
2025-07-24,Nephael,23
2025-07-24,Anya Olsen,24
2025-07-24,Aubree Valentine,25
2025-07-24,Cadence Lux,26
2025-07-24,Little Caprice,27
2025-07-24,Ella Hughes,28
2025-07-24,Lily LaBeau,29
2025-07-24,Anita Rover,30
2025-07-24,Serenity Cox,31
2025-07-24,Betzz,32
2025-07-24,Flashing Emma,33
2025-07-24,REBECCA VOLPETTI,34
2025-07-24,CHARLIE FORDE,35
2025-07-24,Crystal Clark,36
2025-07-24,Full Movies,37
2025-07-24,Stacy Cruz,38
2025-07-24,Olive Glass,39
2025-07-24,Lexi Luna,40
2025-07-24,Jessie and Jackson,41
2025-07-24,Melissa sexy hippies,42
2025-07-24,Katie Kush,43
2025-07-24,Brett Rossi,44
2025-07-24,Nikita Bellucci,45
2025-07-24,Kenzie Love,46
2025-07-24,Lexi Dona,47
2025-07-24,Lily Lou,48
2025-07-24,Dolly Dyson,49
2025-07-24,Penny Barber,50
2025-07-24,Sarah Vandella,51
2025-07-24,Cherry Kiss,52
2025-07-24,Gal Ritchie,53
2025-07-24,Britney Amber,54
2025-07-24,EMILY THORNE,55
2025-07-24,Laure Zecchi,56
2025-07-24,Helena Valle,57
2025-07-24,Annie King,58
2025-07-24,Calita Fire,59
2025-07-24,Dani Daniels,60
2025-07-24,Jadilica - Leo Ahsoka,61
2025-07-24,Casey Calvert,62
2025-07-24,Angel Young💋,63
2025-07-24,Lena Paul,64
2025-07-24,Amirah Adara,65
2025-07-24,Angela White,66
2025-07-24,Lilith - Berta Lusty - Felice Morgan,67
2025-07-24,Bonnie Blue,68
2025-07-24,Emma Klein,69
2025-07-24,Joanna Angel,70
2025-07-24,Cherie Deville,71
2025-07-24,Eve Sweet,72
2025-07-24,Lea Pam,73
2025-07-24,Tiffany Leiddi,74
2025-07-24,Andi Rose,75
2025-07-24,Paige Owens,76
2025-07-24,Sumiko,77
2025-07-24,Hailey Rose,78
2025-07-24,Julia Roca,79
2025-07-24,Helena Price,80
2025-07-24,poppynzach,81
2025-07-24,Mia Malkova,82
2025-07-24,Layla Scarlet,83
2025-07-24,Mia melano,84
2025-07-24,Riley Reid,85
2025-07-24,annaplusone,86
2025-07-24,Freya Parker,87
2025-07-24,Aaliyah Love,88
2025-07-24,Agatha Vega,89
2025-07-24,Nicole Emma Vaunt,90
2025-07-24,Charlotte Stokely,91
2025-07-24,Addison Lee,92
2025-07-24,Ophelia Kaan,93
2025-07-24,Ana B,94
2025-07-24,Marie Berger,95
2025-07-24,Savvy Suxx,96
2025-07-24,Nikki Zee,97
2025-07-24,Olivia Sparkle,98
2025-07-24,Chloe Duval,99
2025-07-24,Jeny Smith,100
2025-07-24,maitland ward,101
2025-07-24,Vanna Bardot,102
2025-07-24,Molly Little,103
2025-07-24,Sata Jones,104
2025-07-24,Sloan Harper,105
2025-07-24,Ava Moore,106
2025-07-24,Sharon White,107
2025-07-24,Innocent hotwife,108
2025-07-24,Jane Wilde,109
2025-07-24,Theodora Day,110
2025-07-24,Eden Moore,111
2025-07-24,Lullabyebye,112
2025-07-24,Lena Coxx,113
2025-07-24,LaSirena69,114
2025-07-24,Leya Desantis,115
2025-07-24,Amelia Ost,116
2025-07-24,Kinuski,117
2025-07-24,Alexa Tomas,118
2025-07-24,Eden Ivy,119
2025-07-24,JULIALEXXX,120
2025-07-24,Charlie Red,121
2025-07-24,Kendra Lust,122
2025-07-24,Veronica Weston,123
2025-07-24,Ivey Passion,124
2025-07-24,Milan Cheek,125
2025-07-24,Emma Ruby,126
2025-07-24,Spencer Bradley,127
2025-07-24,Blake Blossom,128
2025-07-24,Nickey Huntsman,129
2025-07-24,Roxy Muray,130
2025-07-24,Valentina Nappi,131
2025-07-24,Alina Lopez,132
2025-07-24,Erin Moore,133
2025-07-24,Alice adorable,134
2025-07-24,Venus Valencia,135
2025-07-24,Nadia Foxx,136
2025-07-24,Alice Klay,137
2025-07-24,Whitney Wright,138
2025-07-24,Chanel Preston,139
2025-07-24,Slimthick Vic,140
2025-07-24,Melody Mae,141
2025-07-24,Katy Rose,142
2025-07-24,Jeniffer Flex,143
2025-07-24,Nesty,144
2025-07-24,JILL KASSIDY,145
2025-07-24,Sophie Choeur,146
2025-07-24,Pristine Edge,147
2025-07-24,Miriam Sinn Nimfa Nice,148
2025-07-24,Bella Rolland,149
2025-07-24,Jesse Pony,150
2025-07-24,Stoya,151
2025-07-24,Lucy Mendez,152
2025-07-24,NakedBakers,153
2025-07-24,Stella Luxx,154
2025-07-24,Maddy Keys,155
2025-07-24,Alice Drake,156
2025-07-24,Sandy Cheeks,157
2025-07-24,Sveltelana,158
2025-07-24,Anissa Kate,159
2025-07-24,Daruma Rai,160
2025-07-24,Whitney OC,161
2025-07-24,Molly Quinn,162
2025-07-24,KENDRA SUNDERLAND,163
2025-07-24,LIZ RAINBOW,164
2025-07-24,Eva Berger,165
2025-07-24,Jenna Sativa,166
2025-07-24,Barbie Feels,167
2025-07-24,Kayden Kross,168
2025-07-24,Veronica Sanchez,169
2025-07-24,Lottie Magne,170
2025-07-24,Cheerleader Kait,171
2025-07-24,ChihuahuaSU,172
2025-07-24,Cassie Del Isla,173
2025-07-24,Carter Cruise,174
2025-07-24,Alice Nice,175
2025-07-24,Jayde Symz,176
2025-07-24,India Summer,177
2025-07-24,Candy Alexa,178
2025-07-24,Lola Bredly,179
2025-07-24,Lindsey Lakes,180
2025-07-24,Vixi Rafi,181
2025-07-24,Liz Jordan,182
2025-07-24,Angelika Grays,183
2025-07-24,Lilly Bella,184
2025-07-24,Isabella Rose,185
2025-07-24,Victoria Brennan,186
2025-07-24,Gypsy Rose,187
2025-07-24,Mary Rock,188
2025-07-24,Leanne Lace,189
2025-07-24,Clemence Audiard,190
2025-07-24,Casey Nohrman,191
2025-07-24,Mila Pie,192
2025-07-24,Thea Lun,193
2025-07-24,🗂INDEX,194
2025-07-24,Reagan Foxx,195
2025-07-24,Keisha Grey,196
2025-07-24,Kimberly Kane,197
2025-07-24,Bobbi Starr,198
2025-07-24,Dee Vine,199
2025-07-24,Candee Licious,200
2025-07-24,Samantha Bentley,201
2025-07-24,Alexa Grace,202
2025-07-24,Conny Carter,203
2025-07-24,Anny Swix,204
2025-07-24,Ovidie,205
2025-07-24,Alexis Deen,206
2025-07-24,Layla London,207
2025-07-24,Paulina Soul,208
2025-07-24,Jade Nile,209
2025-07-24,Ivy Ireland,210
2025-07-24,Ally Breelsen,211
2025-07-24,Dolly Diore,212
2025-07-24,Krystal Sparks,213
2025-07-24,Gracie Gates,214
2025-07-24,Aften Opal,215
2025-07-24,Alecia Fox,216
2025-07-24,Ambra Dolce,217
2025-07-24,Evelyn Claire,218
2025-07-24,Bree Daniels,219
2025-07-24,Andrea Lapiedra,220
2025-07-24,Naomi Wildman,221
2025-07-24,Loli Pop,222
2025-07-24,Amy Douxxx,223
2025-07-24,Melody Mynx,224
2025-07-24,Lisa Belys,225
2025-07-24,Zlata Shine,226
2025-07-24,Eva Ray,227
2025-07-24,Emily Willis,228
2025-07-24,Sara Rich,229
2025-07-24,Lily Bella,230
2025-07-24,Violet Pretty,231
2025-07-24,Hot Pearl,232
2025-07-24,Nikky Dream,233
2025-07-24,Lucy Foxx,234
2025-07-24,Beverly Hillson,235
2025-07-24,zoebytheriver,236
2025-07-24,Alrox,237
2025-07-24,Jade Valentine,238
2025-07-24,River Lynn,239
2025-07-24,Rose Carter,240
2025-07-24,Ivi Rein,241
2025-07-24,Sydney Paige,242
2025-07-24,Serena Sterling,243
2025-07-24,Kristina Grace,244
2025-07-24,Kaira Love,245
2025-07-24,Talia Mint,246
2025-07-24,Alice Flore,247
2025-07-24,Fiona Frost,248
2025-07-24,Stella Sedona,249
2025-07-24,Sandrillon,250
2025-07-24,Siri Dahl,251
2025-07-24,Cherry Candle,252
2025-07-24,Melena Maria Rya,253
2025-07-24,Silvia Soprano,254
2025-07-24,Melissa Stratton,255
2025-07-24,Zuzu Sweet,256
2025-07-24,Sara Heat,257
2025-07-24,Clea Gaultier,258
2025-07-24,Sara Latina,259
2025-07-24,KRISSY LYNN,260
2025-07-24,Graycee Baybee,261
2025-07-24,Stella Cox,262
2025-07-24,April Olsen,263
2025-07-24,Laura Bentley,264
2025-07-24,Dharma Jones,265
2025-07-24,Kitty Lovedream,266
2025-07-24,Remy LaCroix,267
2025-07-24,Sophia Burns,268
2025-07-24,Julia Morozzi,269
2025-07-24,Isabella D,270
2025-07-24,Renee Rose,271
2025-07-24,Freya von Doom,272
2025-07-24,Anika Now,273
2025-07-24,Violet Joly,274
2025-07-24,Anna Claire Clouds,275
2025-07-24,Hazel Moore,276
2025-07-24,Lucky Bee,277
2025-07-24,Valeria Borghese,278
2025-07-24,Chrissy,279
2025-07-24,Lulu Love,280
2025-07-24,SAHARA SKYE,281
2025-07-24,Alika Alba,282
2025-07-24,Nina Nix,283
2025-07-24,Blue Wave,284
2025-07-24,Claudia Bavel,285
2025-07-24,Rayveness,286
2025-07-24,Stella Bliss,287
2025-07-24,Christy Love,288
2025-07-24,RAVEN LANE,289
2025-07-24,Keira Love,290
2025-07-24,Mina Kali,291
2025-07-24,Serina Gomez,292
2025-07-24,Eliza Ibarra,293
2025-07-24,Aurelly Rebel,294
2025-07-24,Cherry X,295
2025-07-24,Elsa Violet,296
2025-07-24,KittyKristen,297
2025-07-24,PE,298
2025-07-24,Juju la bretonne,299
2025-07-24,Penny Flame,300
2025-07-24,Maddy Nelson,301
2025-07-24,HD,302
2025-07-24,PARADISEHILL.cc CHAT 18+,303
2025-07-24,Rebel Rhyder,304
2025-07-24,Stacy Bloom,305
2025-07-24,Sammyyy Stonerrr,306
2025-07-24,Ava Austen,307
2025-07-24,morgpie,308
2025-07-24,Mira Wair,309
2025-07-24,Public,310
2025-07-24,TUSHY,311
2025-07-24,Georgia Jones,312
2025-07-24,Jillian Janson,313
2025-07-24,Anna De Ville,314
2025-07-24,Lily Love,315
2025-07-24,Mya Lorenn,316
2025-07-24,Merida Sat,317
2025-07-24,Chloe Temple,318
2025-07-24,Lindsay Lee,319
2025-07-24,Nika A,320
2025-07-24,Catherine Knight,321
2025-07-24,Valkiria Lapiedra,322
2025-07-24,Juilie Robbie,323
2025-07-24,Kallie Taylor,324
2025-07-24,Renata Foxx,325
2025-07-24,Madison Moores,326
2025-07-24,Riley Jacobs,327
2025-07-24,cristina plaza aa,328
2025-07-24,Cindy Shine,329
2025-07-24,Eva Cela,330
2025-07-24,Alana Cruise,331
2025-07-24,Lauren Phillips,332
2025-07-24,Alex Coal,1
2025-07-24,Millie Morgan,2
2025-07-24,Katrina Colt,3
2025-07-24,Eva Lovia,4
2025-07-24,Jia Lissa,5
2025-07-24,Chanel Camryn,6
2025-07-24,Adriana Chechik,7
2025-07-24,Abigail Mac,8
2025-07-24,Aidra Fox,9
2025-07-24,Octavia Red,10
2025-07-24,Antonia Sainz,11
2025-07-24,Jessica Ryan,12
2025-07-24,Alexis Crystal,13
2025-07-24,Kira Queen,14
2025-07-24,Tori Black,15
2025-07-24,Cassidy Klein,16
2025-07-24,Josephine Jackson,17
2025-07-24,Sybil A,18
2025-07-24,Vintage,19
2025-07-24,Lady Lyne,20
2025-07-24,Cory Chase,21
2025-07-24,Laney Grey,22
2025-07-24,Nephael,23
2025-07-24,Anya Olsen,24
2025-07-24,Aubree Valentine,25
2025-07-24,Cadence Lux,26
2025-07-24,Little Caprice,27
2025-07-24,Ella Hughes,28
2025-07-24,Lily LaBeau,29
2025-07-24,Anita Rover,30
2025-07-24,Serenity Cox,31
2025-07-24,Betzz,32
2025-07-24,Flashing Emma,33
2025-07-24,REBECCA VOLPETTI,34
2025-07-24,CHARLIE FORDE,35
2025-07-24,Crystal Clark,36
2025-07-24,Full Movies,37
2025-07-24,Stacy Cruz,38
2025-07-24,Olive Glass,39
2025-07-24,Lexi Luna,40
2025-07-24,Jessie and Jackson,41
2025-07-24,Melissa sexy hippies,42
2025-07-24,Katie Kush,43
2025-07-24,Brett Rossi,44
2025-07-24,Nikita Bellucci,45
2025-07-24,Kenzie Love,46
2025-07-24,Lexi Dona,47
2025-07-24,Lily Lou,48
2025-07-24,Dolly Dyson,49
2025-07-24,Penny Barber,50
2025-07-24,Sarah Vandella,51
2025-07-24,Cherry Kiss,52
2025-07-24,Gal Ritchie,53
2025-07-24,Britney Amber,54
2025-07-24,EMILY THORNE,55
2025-07-24,Laure Zecchi,56
2025-07-24,Helena Valle,57
2025-07-24,Annie King,58
2025-07-24,Calita Fire,59
2025-07-24,Dani Daniels,60
2025-07-24,Jadilica - Leo Ahsoka,61
2025-07-24,Casey Calvert,62
2025-07-24,Angel Young💋,63
2025-07-24,Lena Paul,64
2025-07-24,Amirah Adara,65
2025-07-24,Angela White,66
2025-07-24,Lilith - Berta Lusty - Felice Morgan,67
2025-07-24,Bonnie Blue,68
2025-07-24,Emma Klein,69
2025-07-24,Joanna Angel,70
2025-07-24,Cherie Deville,71
2025-07-24,Eve Sweet,72
2025-07-24,Lea Pam,73
2025-07-24,Tiffany Leiddi,74
2025-07-24,Andi Rose,75
2025-07-24,Paige Owens,76
2025-07-24,Sumiko,77
2025-07-24,Hailey Rose,78
2025-07-24,Julia Roca,79
2025-07-24,Helena Price,80
2025-07-24,poppynzach,81
2025-07-24,Mia Malkova,82
2025-07-24,Layla Scarlet,83
2025-07-24,Mia melano,84
2025-07-24,Riley Reid,85
2025-07-24,annaplusone,86
2025-07-24,Freya Parker,87
2025-07-24,Aaliyah Love,88
2025-07-24,Agatha Vega,89
2025-07-24,Nicole Emma Vaunt,90
2025-07-24,Charlotte Stokely,91
2025-07-24,Addison Lee,92
2025-07-24,Ophelia Kaan,93
2025-07-24,Ana B,94
2025-07-24,Marie Berger,95
2025-07-24,Savvy Suxx,96
2025-07-24,Nikki Zee,97
2025-07-24,Olivia Sparkle,98
2025-07-24,Chloe Duval,99
2025-07-24,Jeny Smith,100
2025-07-24,maitland ward,101
2025-07-24,Vanna Bardot,102
2025-07-24,Molly Little,103
2025-07-24,Sata Jones,104
2025-07-24,Sloan Harper,105
2025-07-24,Ava Moore,106
2025-07-24,Sharon White,107
2025-07-24,Innocent hotwife,108
2025-07-24,Jane Wilde,109
2025-07-24,Theodora Day,110
2025-07-24,Eden Moore,111
2025-07-24,Lullabyebye,112
2025-07-24,Lena Coxx,113
2025-07-24,LaSirena69,114
2025-07-24,Leya Desantis,115
2025-07-24,Amelia Ost,116
2025-07-24,Kinuski,117
2025-07-24,Alexa Tomas,118
2025-07-24,Eden Ivy,119
2025-07-24,JULIALEXXX,120
2025-07-24,Charlie Red,121
2025-07-24,Kendra Lust,122
2025-07-24,Veronica Weston,123
2025-07-24,Ivey Passion,124
2025-07-24,Milan Cheek,125
2025-07-24,Emma Ruby,126
2025-07-24,Spencer Bradley,127
2025-07-24,Blake Blossom,128
2025-07-24,Nickey Huntsman,129
2025-07-24,Roxy Muray,130
2025-07-24,Valentina Nappi,131
2025-07-24,Alina Lopez,132
2025-07-24,Erin Moore,133
2025-07-24,Alice adorable,134
2025-07-24,Venus Valencia,135
2025-07-24,Nadia Foxx,136
2025-07-24,Alice Klay,137
2025-07-24,Whitney Wright,138
2025-07-24,Chanel Preston,139
2025-07-24,Slimthick Vic,140
2025-07-24,Melody Mae,141
2025-07-24,Katy Rose,142
2025-07-24,Jeniffer Flex,143
2025-07-24,Nesty,144
2025-07-24,JILL KASSIDY,145
2025-07-24,Sophie Choeur,146
2025-07-24,Pristine Edge,147
2025-07-24,Miriam Sinn Nimfa Nice,148
2025-07-24,Bella Rolland,149
2025-07-24,Jesse Pony,150
2025-07-24,Stoya,151
2025-07-24,Lucy Mendez,152
2025-07-24,NakedBakers,153
2025-07-24,Stella Luxx,154
2025-07-24,Maddy Keys,155
2025-07-24,Alice Drake,156
2025-07-24,Sandy Cheeks,157
2025-07-24,Sveltelana,158
2025-07-24,Anissa Kate,159
2025-07-24,Daruma Rai,160
2025-07-24,Whitney OC,161
2025-07-24,Molly Quinn,162
2025-07-24,KENDRA SUNDERLAND,163
2025-07-24,LIZ RAINBOW,164
2025-07-24,Eva Berger,165
2025-07-24,Jenna Sativa,166
2025-07-24,Barbie Feels,167
2025-07-24,Kayden Kross,168
2025-07-24,Veronica Sanchez,169
2025-07-24,Lottie Magne,170
2025-07-24,Cheerleader Kait,171
2025-07-24,ChihuahuaSU,172
2025-07-24,Cassie Del Isla,173
2025-07-24,Carter Cruise,174
2025-07-24,Alice Nice,175
2025-07-24,Jayde Symz,176
2025-07-24,India Summer,177
2025-07-24,Candy Alexa,178
2025-07-24,Lola Bredly,179
2025-07-24,Lindsey Lakes,180
2025-07-24,Vixi Rafi,181
2025-07-24,Liz Jordan,182
2025-07-24,Angelika Grays,183
2025-07-24,Lilly Bella,184
2025-07-24,Isabella Rose,185
2025-07-24,Victoria Brennan,186
2025-07-24,Gypsy Rose,187
2025-07-24,Mary Rock,188
2025-07-24,Leanne Lace,189
2025-07-24,Clemence Audiard,190
2025-07-24,Casey Nohrman,191
2025-07-24,Mila Pie,192
2025-07-24,Thea Lun,193
2025-07-24,🗂INDEX,194
2025-07-24,Reagan Foxx,195
2025-07-24,Keisha Grey,196
2025-07-24,Kimberly Kane,197
2025-07-24,Bobbi Starr,198
2025-07-24,Dee Vine,199
2025-07-24,Candee Licious,200
2025-07-24,Samantha Bentley,201
2025-07-24,Alexa Grace,202
2025-07-24,Conny Carter,203
2025-07-24,Anny Swix,204
2025-07-24,Ovidie,205
2025-07-24,Alexis Deen,206
2025-07-24,Layla London,207
2025-07-24,Paulina Soul,208
2025-07-24,Jade Nile,209
2025-07-24,Ivy Ireland,210
2025-07-24,Ally Breelsen,211
2025-07-24,Dolly Diore,212
2025-07-24,Krystal Sparks,213
2025-07-24,Gracie Gates,214
2025-07-24,Aften Opal,215
2025-07-24,Alecia Fox,216
2025-07-24,Ambra Dolce,217
2025-07-24,Evelyn Claire,218
2025-07-24,Bree Daniels,219
2025-07-24,Andrea Lapiedra,220
2025-07-24,Naomi Wildman,221
2025-07-24,Loli Pop,222
2025-07-24,Amy Douxxx,223
2025-07-24,Melody Mynx,224
2025-07-24,Lisa Belys,225
2025-07-24,Zlata Shine,226
2025-07-24,Eva Ray,227
2025-07-24,Emily Willis,228
2025-07-24,Sara Rich,229
2025-07-24,Lily Bella,230
2025-07-24,Violet Pretty,231
2025-07-24,Hot Pearl,232
2025-07-24,Nikky Dream,233
2025-07-24,Lucy Foxx,234
2025-07-24,Beverly Hillson,235
2025-07-24,zoebytheriver,236
2025-07-24,Alrox,237
2025-07-24,Jade Valentine,238
2025-07-24,River Lynn,239
2025-07-24,Rose Carter,240
2025-07-24,Ivi Rein,241
2025-07-24,Sydney Paige,242
2025-07-24,Serena Sterling,243
2025-07-24,Kristina Grace,244
2025-07-24,Kaira Love,245
2025-07-24,Talia Mint,246
2025-07-24,Alice Flore,247
2025-07-24,Fiona Frost,248
2025-07-24,Stella Sedona,249
2025-07-24,Sandrillon,250
2025-07-24,Siri Dahl,251
2025-07-24,Cherry Candle,252
2025-07-24,Melena Maria Rya,253
2025-07-24,Silvia Soprano,254
2025-07-24,Melissa Stratton,255
2025-07-24,Zuzu Sweet,256
2025-07-24,Sara Heat,257
2025-07-24,Clea Gaultier,258
2025-07-24,Sara Latina,259
2025-07-24,KRISSY LYNN,260
2025-07-24,Graycee Baybee,261
2025-07-24,Stella Cox,262
2025-07-24,April Olsen,263
2025-07-24,Laura Bentley,264
2025-07-24,Dharma Jones,265
2025-07-24,Kitty Lovedream,266
2025-07-24,Remy LaCroix,267
2025-07-24,Sophia Burns,268
2025-07-24,Julia Morozzi,269
2025-07-24,Isabella D,270
2025-07-24,Renee Rose,271
2025-07-24,Freya von Doom,272
2025-07-24,Anika Now,273
2025-07-24,Violet Joly,274
2025-07-24,Anna Claire Clouds,275
2025-07-24,Hazel Moore,276
2025-07-24,Lucky Bee,277
2025-07-24,Valeria Borghese,278
2025-07-24,Chrissy,279
2025-07-24,Lulu Love,280
2025-07-24,SAHARA SKYE,281
2025-07-24,Alika Alba,282
2025-07-24,Nina Nix,283
2025-07-24,Blue Wave,284
2025-07-24,Claudia Bavel,285
2025-07-24,Rayveness,286
2025-07-24,Stella Bliss,287
2025-07-24,Christy Love,288
2025-07-24,RAVEN LANE,289
2025-07-24,Keira Love,290
2025-07-24,Mina Kali,291
2025-07-24,Serina Gomez,292
2025-07-24,Eliza Ibarra,293
2025-07-24,Aurelly Rebel,294
2025-07-24,Cherry X,295
2025-07-24,Elsa Violet,296
2025-07-24,KittyKristen,297
2025-07-24,PE,298
2025-07-24,Juju la bretonne,299
2025-07-24,Penny Flame,300
2025-07-24,Maddy Nelson,301
2025-07-24,HD,302
2025-07-24,PARADISEHILL.cc CHAT 18+,303
2025-07-24,Rebel Rhyder,304
2025-07-24,Stacy Bloom,305
2025-07-24,Sammyyy Stonerrr,306
2025-07-24,Ava Austen,307
2025-07-24,morgpie,308
2025-07-24,Mira Wair,309
2025-07-24,Public,310
2025-07-24,TUSHY,311
2025-07-24,Georgia Jones,312
2025-07-24,Jillian Janson,313
2025-07-24,Anna De Ville,314
2025-07-24,Lily Love,315
2025-07-24,Mya Lorenn,316
2025-07-24,Merida Sat,317
2025-07-24,Chloe Temple,318
2025-07-24,Lindsay Lee,319
2025-07-24,Nika A,320
2025-07-24,Catherine Knight,321
2025-07-24,Valkiria Lapiedra,322
2025-07-24,Juilie Robbie,323
2025-07-24,Kallie Taylor,324
2025-07-24,Renata Foxx,325
2025-07-24,Madison Moores,326
2025-07-24,Riley Jacobs,327
2025-07-24,cristina plaza aa,328
2025-07-24,Cindy Shine,329
2025-07-24,Eva Cela,330
2025-07-24,Alana Cruise,331
2025-07-24,Lauren Phillips,332
2025-07-24,Alex Coal,1
2025-07-24,Millie Morgan,2
2025-07-24,Katrina Colt,3
2025-07-24,Eva Lovia,4
2025-07-24,Jia Lissa,5
2025-07-24,Chanel Camryn,6
2025-07-24,Adriana Chechik,7
2025-07-24,Abigail Mac,8
2025-07-24,Aidra Fox,9
2025-07-24,Octavia Red,10
2025-07-24,Antonia Sainz,11
2025-07-24,Jessica Ryan,12
2025-07-24,Alexis Crystal,13
2025-07-24,Kira Queen,14
2025-07-24,Tori Black,15
2025-07-24,Cassidy Klein,16
2025-07-24,Josephine Jackson,17
2025-07-24,Sybil A,18
2025-07-24,Vintage,19
2025-07-24,Lady Lyne,20
2025-07-24,Cory Chase,21
2025-07-24,Laney Grey,22
2025-07-24,Nephael,23
2025-07-24,Anya Olsen,24
2025-07-24,Aubree Valentine,25
2025-07-24,Cadence Lux,26
2025-07-24,Little Caprice,27
2025-07-24,Ella Hughes,28
2025-07-24,Lily LaBeau,29
2025-07-24,Anita Rover,30
2025-07-24,Serenity Cox,31
2025-07-24,Betzz,32
2025-07-24,Flashing Emma,33
2025-07-24,REBECCA VOLPETTI,34
2025-07-24,CHARLIE FORDE,35
2025-07-24,Crystal Clark,36
2025-07-24,Full Movies,37
2025-07-24,Stacy Cruz,38
2025-07-24,Olive Glass,39
2025-07-24,Lexi Luna,40
2025-07-24,Jessie and Jackson,41
2025-07-24,Melissa sexy hippies,42
2025-07-24,Katie Kush,43
2025-07-24,Brett Rossi,44
2025-07-24,Nikita Bellucci,45
2025-07-24,Kenzie Love,46
2025-07-24,Lexi Dona,47
2025-07-24,Lily Lou,48
2025-07-24,Dolly Dyson,49
2025-07-24,Penny Barber,50
2025-07-24,Sarah Vandella,51
2025-07-24,Cherry Kiss,52
2025-07-24,Gal Ritchie,53
2025-07-24,Britney Amber,54
2025-07-24,EMILY THORNE,55
2025-07-24,Laure Zecchi,56
2025-07-24,Helena Valle,57
2025-07-24,Annie King,58
2025-07-24,Calita Fire,59
2025-07-24,Dani Daniels,60
2025-07-24,Jadilica - Leo Ahsoka,61
2025-07-24,Casey Calvert,62
2025-07-24,Angel Young💋,63
2025-07-24,Lena Paul,64
2025-07-24,Amirah Adara,65
2025-07-24,Angela White,66
2025-07-24,Lilith - Berta Lusty - Felice Morgan,67
2025-07-24,Bonnie Blue,68
2025-07-24,Emma Klein,69
2025-07-24,Joanna Angel,70
2025-07-24,Cherie Deville,71
2025-07-24,Eve Sweet,72
2025-07-24,Lea Pam,73
2025-07-24,Tiffany Leiddi,74
2025-07-24,Andi Rose,75
2025-07-24,Paige Owens,76
2025-07-24,Sumiko,77
2025-07-24,Hailey Rose,78
2025-07-24,Julia Roca,79
2025-07-24,Helena Price,80
2025-07-24,poppynzach,81
2025-07-24,Mia Malkova,82
2025-07-24,Layla Scarlet,83
2025-07-24,Mia melano,84
2025-07-24,Riley Reid,85
2025-07-24,annaplusone,86
2025-07-24,Freya Parker,87
2025-07-24,Aaliyah Love,88
2025-07-24,Agatha Vega,89
2025-07-24,Nicole Emma Vaunt,90
2025-07-24,Charlotte Stokely,91
2025-07-24,Addison Lee,92
2025-07-24,Ophelia Kaan,93
2025-07-24,Ana B,94
2025-07-24,Marie Berger,95
2025-07-24,Savvy Suxx,96
2025-07-24,Nikki Zee,97
2025-07-24,Olivia Sparkle,98
2025-07-24,Chloe Duval,99
2025-07-24,Jeny Smith,100
2025-07-24,maitland ward,101
2025-07-24,Vanna Bardot,102
2025-07-24,Molly Little,103
2025-07-24,Sata Jones,104
2025-07-24,Sloan Harper,105
2025-07-24,Ava Moore,106
2025-07-24,Sharon White,107
2025-07-24,Innocent hotwife,108
2025-07-24,Jane Wilde,109
2025-07-24,Theodora Day,110
2025-07-24,Eden Moore,111
2025-07-24,Lullabyebye,112
2025-07-24,Lena Coxx,113
2025-07-24,LaSirena69,114
2025-07-24,Leya Desantis,115
2025-07-24,Amelia Ost,116
2025-07-24,Kinuski,117
2025-07-24,Alexa Tomas,118
2025-07-24,Eden Ivy,119
2025-07-24,JULIALEXXX,120
2025-07-24,Charlie Red,121
2025-07-24,Kendra Lust,122
2025-07-24,Veronica Weston,123
2025-07-24,Ivey Passion,124
2025-07-24,Milan Cheek,125
2025-07-24,Emma Ruby,126
2025-07-24,Spencer Bradley,127
2025-07-24,Blake Blossom,128
2025-07-24,Nickey Huntsman,129
2025-07-24,Roxy Muray,130
2025-07-24,Valentina Nappi,131
2025-07-24,Alina Lopez,132
2025-07-24,Erin Moore,133
2025-07-24,Alice adorable,134
2025-07-24,Venus Valencia,135
2025-07-24,Nadia Foxx,136
2025-07-24,Alice Klay,137
2025-07-24,Whitney Wright,138
2025-07-24,Chanel Preston,139
2025-07-24,Slimthick Vic,140
2025-07-24,Melody Mae,141
2025-07-24,Katy Rose,142
2025-07-24,Jeniffer Flex,143
2025-07-24,Nesty,144
2025-07-24,JILL KASSIDY,145
2025-07-24,Sophie Choeur,146
2025-07-24,Pristine Edge,147
2025-07-24,Miriam Sinn Nimfa Nice,148
2025-07-24,Bella Rolland,149
2025-07-24,Jesse Pony,150
2025-07-24,Stoya,151
2025-07-24,Lucy Mendez,152
2025-07-24,NakedBakers,153
2025-07-24,Stella Luxx,154
2025-07-24,Maddy Keys,155
2025-07-24,Alice Drake,156
2025-07-24,Sandy Cheeks,157
2025-07-24,Sveltelana,158
2025-07-24,Anissa Kate,159
2025-07-24,Daruma Rai,160
2025-07-24,Whitney OC,161
2025-07-24,Molly Quinn,162
2025-07-24,KENDRA SUNDERLAND,163
2025-07-24,LIZ RAINBOW,164
2025-07-24,Eva Berger,165
2025-07-24,Jenna Sativa,166
2025-07-24,Barbie Feels,167
2025-07-24,Kayden Kross,168
2025-07-24,Veronica Sanchez,169
2025-07-24,Lottie Magne,170
2025-07-24,Cheerleader Kait,171
2025-07-24,ChihuahuaSU,172
2025-07-24,Cassie Del Isla,173
2025-07-24,Carter Cruise,174
2025-07-24,Alice Nice,175
2025-07-24,Jayde Symz,176
2025-07-24,India Summer,177
2025-07-24,Candy Alexa,178
2025-07-24,Lola Bredly,179
2025-07-24,Lindsey Lakes,180
2025-07-24,Vixi Rafi,181
2025-07-24,Liz Jordan,182
2025-07-24,Angelika Grays,183
2025-07-24,Lilly Bella,184
2025-07-24,Isabella Rose,185
2025-07-24,Victoria Brennan,186
2025-07-24,Gypsy Rose,187
2025-07-24,Mary Rock,188
2025-07-24,Leanne Lace,189
2025-07-24,Clemence Audiard,190
2025-07-24,Casey Nohrman,191
2025-07-24,Mila Pie,192
2025-07-24,Thea Lun,193
2025-07-24,🗂INDEX,194
2025-07-24,Reagan Foxx,195
2025-07-24,Keisha Grey,196
2025-07-24,Kimberly Kane,197
2025-07-24,Bobbi Starr,198
2025-07-24,Dee Vine,199
2025-07-24,Candee Licious,200
2025-07-24,Samantha Bentley,201
2025-07-24,Alexa Grace,202
2025-07-24,Conny Carter,203
2025-07-24,Anny Swix,204
2025-07-24,Ovidie,205
2025-07-24,Alexis Deen,206
2025-07-24,Layla London,207
2025-07-24,Paulina Soul,208
2025-07-24,Jade Nile,209
2025-07-24,Ivy Ireland,210
2025-07-24,Ally Breelsen,211
2025-07-24,Dolly Diore,212
2025-07-24,Krystal Sparks,213
2025-07-24,Gracie Gates,214
2025-07-24,Aften Opal,215
2025-07-24,Alecia Fox,216
2025-07-24,Ambra Dolce,217
2025-07-24,Evelyn Claire,218
2025-07-24,Bree Daniels,219
2025-07-24,Andrea Lapiedra,220
2025-07-24,Naomi Wildman,221
2025-07-24,Loli Pop,222
2025-07-24,Amy Douxxx,223
2025-07-24,Melody Mynx,224
2025-07-24,Lisa Belys,225
2025-07-24,Zlata Shine,226
2025-07-24,Eva Ray,227
2025-07-24,Emily Willis,228
2025-07-24,Sara Rich,229
2025-07-24,Lily Bella,230
2025-07-24,Violet Pretty,231
2025-07-24,Hot Pearl,232
2025-07-24,Nikky Dream,233
2025-07-24,Lucy Foxx,234
2025-07-24,Beverly Hillson,235
2025-07-24,zoebytheriver,236
2025-07-24,Alrox,237
2025-07-24,Jade Valentine,238
2025-07-24,River Lynn,239
2025-07-24,Rose Carter,240
2025-07-24,Ivi Rein,241
2025-07-24,Sydney Paige,242
2025-07-24,Kristina Grace,243
2025-07-24,Serena Sterling,244
2025-07-24,Kaira Love,245
2025-07-24,Talia Mint,246
2025-07-24,Alice Flore,247
2025-07-24,Fiona Frost,248
2025-07-24,Stella Sedona,249
2025-07-24,Sandrillon,250
2025-07-24,Siri Dahl,251
2025-07-24,Cherry Candle,252
2025-07-24,Melena Maria Rya,253
2025-07-24,Silvia Soprano,254
2025-07-24,Melissa Stratton,255
2025-07-24,Zuzu Sweet,256
2025-07-24,Sara Heat,257
2025-07-24,Clea Gaultier,258
2025-07-24,Sara Latina,259
2025-07-24,KRISSY LYNN,260
2025-07-24,Graycee Baybee,261
2025-07-24,Stella Cox,262
2025-07-24,April Olsen,263
2025-07-24,Laura Bentley,264
2025-07-24,Dharma Jones,265
2025-07-24,Kitty Lovedream,266
2025-07-24,Remy LaCroix,267
2025-07-24,Sophia Burns,268
2025-07-24,Julia Morozzi,269
2025-07-24,Isabella D,270
2025-07-24,Renee Rose,271
2025-07-24,Freya von Doom,272
2025-07-24,Anika Now,273
2025-07-24,Violet Joly,274
2025-07-24,Anna Claire Clouds,275
2025-07-24,Hazel Moore,276
2025-07-24,Lucky Bee,277
2025-07-24,Valeria Borghese,278
2025-07-24,Chrissy,279
2025-07-24,Lulu Love,280
2025-07-24,SAHARA SKYE,281
2025-07-24,Alika Alba,282
2025-07-24,Nina Nix,283
2025-07-24,Blue Wave,284
2025-07-24,Claudia Bavel,285
2025-07-24,Rayveness,286
2025-07-24,Stella Bliss,287
2025-07-24,Christy Love,288
2025-07-24,RAVEN LANE,289
2025-07-24,Keira Love,290
2025-07-24,Mina Kali,291
2025-07-24,Serina Gomez,292
2025-07-24,Eliza Ibarra,293
2025-07-24,Aurelly Rebel,294
2025-07-24,Cherry X,295
2025-07-24,Elsa Violet,296
2025-07-24,KittyKristen,297
2025-07-24,PE,298
2025-07-24,Juju la bretonne,299
2025-07-24,Penny Flame,300
2025-07-24,Maddy Nelson,301
2025-07-24,HD,302
2025-07-24,PARADISEHILL.cc CHAT 18+,303
2025-07-24,Rebel Rhyder,304
2025-07-24,Stacy Bloom,305
2025-07-24,Sammyyy Stonerrr,306
2025-07-24,Ava Austen,307
2025-07-24,morgpie,308
2025-07-24,Mira Wair,309
2025-07-24,Public,310
2025-07-24,TUSHY,311
2025-07-24,Georgia Jones,312
2025-07-24,Jillian Janson,313
2025-07-24,Anna De Ville,314
2025-07-24,Lily Love,315
2025-07-24,Mya Lorenn,316
2025-07-24,Merida Sat,317
2025-07-24,Chloe Temple,318
2025-07-24,Lindsay Lee,319
2025-07-24,Nika A,320
2025-07-24,Catherine Knight,321
2025-07-24,Valkiria Lapiedra,322
2025-07-24,Juilie Robbie,323
2025-07-24,Kallie Taylor,324
2025-07-24,Renata Foxx,325
2025-07-24,Madison Moores,326
2025-07-24,Riley Jacobs,327
2025-07-24,cristina plaza aa,328
2025-07-24,Cindy Shine,329
2025-07-24,Eva Cela,330
2025-07-24,Alana Cruise,331
2025-07-24,Lauren Phillips,332
2025-07-29,Alex Coal,1
2025-07-29,Millie Morgan,2
2025-07-29,Katrina Colt,3
2025-07-29,Eva Lovia,4
2025-07-29,Chanel Camryn,5
2025-07-29,Jia Lissa,6
2025-07-29,Adriana Chechik,7
2025-07-29,Abigail Mac,8
2025-07-29,Aidra Fox,9
2025-07-29,Octavia Red,10
2025-07-29,Alexis Crystal,11
2025-07-29,Antonia Sainz,12
2025-07-29,Jessica Ryan,13
2025-07-29,Kira Queen,14
2025-07-29,Tori Black,15
2025-07-29,Cassidy Klein,16
2025-07-29,Josephine Jackson,17
2025-07-29,Sybil A,18
2025-07-29,Vintage,19
2025-07-29,Lady Lyne,20
2025-07-29,Cory Chase,21
2025-07-29,Laney Grey,22
2025-07-29,Aubree Valentine,23
2025-07-29,Nephael,24
2025-07-29,Anya Olsen,25
2025-07-29,Cadence Lux,26
2025-07-29,Little Caprice,27
2025-07-29,Ella Hughes,28
2025-07-29,Lily LaBeau,29
2025-07-29,Anita Rover,30
2025-07-29,Serenity Cox,31
2025-07-29,Betzz,32
2025-07-29,Flashing Emma,33
2025-07-29,REBECCA VOLPETTI,34
2025-07-29,CHARLIE FORDE,35
2025-07-29,Crystal Clark,36
2025-07-29,Full Movies,37
2025-07-29,Stacy Cruz,38
2025-07-29,Lexi Luna,39
2025-07-29,Olive Glass,40
2025-07-29,Jessie and Jackson,41
2025-07-29,Melissa sexy hippies,42
2025-07-29,Katie Kush,43
2025-07-29,Brett Rossi,44
2025-07-29,Nikita Bellucci,45
2025-07-29,Kenzie Love,46
2025-07-29,Lexi Dona,47
2025-07-29,Lily Lou,48
2025-07-29,Calita Fire,49
2025-07-29,Gal Ritchie,50
2025-07-29,Dolly Dyson,51
2025-07-29,Penny Barber,52
2025-07-29,Sarah Vandella,53
2025-07-29,Cherry Kiss,54
2025-07-29,Britney Amber,55
2025-07-29,EMILY THORNE,56
2025-07-29,Laure Zecchi,57
2025-07-29,Helena Valle,58
2025-07-29,Annie King,59
2025-07-29,Dani Daniels,60
2025-07-29,Jadilica - Leo Ahsoka,61
2025-07-29,Casey Calvert,62
2025-07-29,Angel Young💋,63
2025-07-29,Lena Paul,64
2025-07-29,Amirah Adara,65
2025-07-29,Bonnie Blue,66
2025-07-29,Angela White,67
2025-07-29,Lilith - Berta Lusty - Felice Morgan,68
2025-07-29,Emma Klein,69
2025-07-29,Joanna Angel,70
2025-07-29,Cherie Deville,71
2025-07-29,Eve Sweet,72
2025-07-29,Lea Pam,73
2025-07-29,Tiffany Leiddi,74
2025-07-29,Andi Rose,75
2025-07-29,Paige Owens,76
2025-07-29,Sumiko,77
2025-07-29,Hailey Rose,78
2025-07-29,Riley Reid,79
2025-07-29,Julia Roca,80
2025-07-29,Helena Price,81
2025-07-29,poppynzach,82
2025-07-29,Mia Malkova,83
2025-07-29,Layla Scarlet,84
2025-07-29,Mia melano,85
2025-07-29,annaplusone,86
2025-07-29,Freya Parker,87
2025-07-29,Aaliyah Love,88
2025-07-29,Agatha Vega,89
2025-07-29,Nicole Emma Vaunt,90
2025-07-29,Charlotte Stokely,91
2025-07-29,Addison Lee,92
2025-07-29,Ophelia Kaan,93
2025-07-29,Ana B,94
2025-07-29,Marie Berger,95
2025-07-29,Savvy Suxx,96
2025-07-29,Nikki Zee,97
2025-07-29,Olivia Sparkle,98
2025-07-29,Chloe Duval,99
2025-07-29,Jeny Smith,100
2025-07-29,maitland ward,101
2025-07-29,Vanna Bardot,102
2025-07-29,Molly Little,103
2025-07-29,Sata Jones,104
2025-07-29,Sloan Harper,105
2025-07-29,Ava Moore,106
2025-07-29,Sharon White,107
2025-07-29,Innocent hotwife,108
2025-07-29,Jane Wilde,109
2025-07-29,Theodora Day,110
2025-07-29,Eden Moore,111
2025-07-29,Lullabyebye,112
2025-07-29,Lena Coxx,113
2025-07-29,LaSirena69,114
2025-07-29,Leya Desantis,115
2025-07-29,Amelia Ost,116
2025-07-29,Kinuski,117
2025-07-29,Alexa Tomas,118
2025-07-29,Eden Ivy,119
2025-07-29,JULIALEXXX,120
2025-07-29,Charlie Red,121
2025-07-29,Kendra Lust,122
2025-07-29,Veronica Weston,123
2025-07-29,Ivey Passion,124
2025-07-29,Milan Cheek,125
2025-07-29,Emma Ruby,126
2025-07-29,Spencer Bradley,127
2025-07-29,Blake Blossom,128
2025-07-29,Nickey Huntsman,129
2025-07-29,Roxy Muray,130
2025-07-29,Valentina Nappi,131
2025-07-29,Alina Lopez,132
2025-07-29,Erin Moore,133
2025-07-29,Alice adorable,134
2025-07-29,Venus Valencia,135
2025-07-29,Nadia Foxx,136
2025-07-29,Alice Klay,137
2025-07-29,Whitney Wright,138
2025-07-29,Chanel Preston,139
2025-07-29,Slimthick Vic,140
2025-07-29,Melody Mae,141
2025-07-29,Katy Rose,142
2025-07-29,Jeniffer Flex,143
2025-07-29,Nesty,144
2025-07-29,JILL KASSIDY,145
2025-07-29,Sophie Choeur,146
2025-07-29,Pristine Edge,147
2025-07-29,Cherry Candle,148
2025-07-29,Miriam Sinn Nimfa Nice,149
2025-07-29,Bella Rolland,150
2025-07-29,Jesse Pony,151
2025-07-29,Stoya,152
2025-07-29,Lucy Mendez,153
2025-07-29,NakedBakers,154
2025-07-29,Stella Luxx,155
2025-07-29,Maddy Keys,156
2025-07-29,Alice Drake,157
2025-07-29,Sandy Cheeks,158
2025-07-29,Sveltelana,159
2025-07-29,Anissa Kate,160
2025-07-29,Daruma Rai,161
2025-07-29,Whitney OC,162
2025-07-29,Molly Quinn,163
2025-07-29,KENDRA SUNDERLAND,164
2025-07-29,LIZ RAINBOW,165
2025-07-29,Eva Berger,166
2025-07-29,Jenna Sativa,167
2025-07-29,Barbie Feels,168
2025-07-29,Kayden Kross,169
2025-07-29,Veronica Sanchez,170
2025-07-29,Lottie Magne,171
2025-07-29,Cheerleader Kait,172
2025-07-29,ChihuahuaSU,173
2025-07-29,Cassie Del Isla,174
2025-07-29,Carter Cruise,175
2025-07-29,Alice Nice,176
2025-07-29,Jayde Symz,177
2025-07-29,India Summer,178
2025-07-29,Candy Alexa,179
2025-07-29,Lindsey Lakes,180
2025-07-29,Lola Bredly,181
2025-07-29,Vixi Rafi,182
2025-07-29,Liz Jordan,183
2025-07-29,Angelika Grays,184
2025-07-29,Lilly Bella,185
2025-07-29,Isabella Rose,186
2025-07-29,Victoria Brennan,187
2025-07-29,Gypsy Rose,188
2025-07-29,Mary Rock,189
2025-07-29,Leanne Lace,190
2025-07-29,Clemence Audiard,191
2025-07-29,Casey Nohrman,192
2025-07-29,Mila Pie,193
2025-07-29,Thea Lun,194
2025-07-29,🗂INDEX,195
2025-07-29,Reagan Foxx,196
2025-07-29,Keisha Grey,197
2025-07-29,Kimberly Kane,198
2025-07-29,Bobbi Starr,199
2025-07-29,Dee Vine,200
2025-07-29,Rebel Rhyder,201
2025-07-29,Candee Licious,202
2025-07-29,Samantha Bentley,203
2025-07-29,Alexa Grace,204
2025-07-29,Conny Carter,205
2025-07-29,Anny Swix,206
2025-07-29,Ovidie,207
2025-07-29,Alexis Deen,208
2025-07-29,Layla London,209
2025-07-29,Paulina Soul,210
2025-07-29,Jade Nile,211
2025-07-29,Ally Breelsen,212
2025-07-29,Dolly Diore,213
2025-07-29,Ivy Ireland,214
2025-07-29,Krystal Sparks,215
2025-07-29,Nicole Murkovski,216
2025-07-29,Gracie Gates,217
2025-07-29,Aften Opal,218
2025-07-29,Alecia Fox,219
2025-07-29,Ambra Dolce,220
2025-07-29,Evelyn Claire,221
2025-07-29,Bree Daniels,222
2025-07-29,Andrea Lapiedra,223
2025-07-29,Naomi Wildman,224
2025-07-29,Loli Pop,225
2025-07-29,Amy Douxxx,226
2025-07-29,Lisa Belys,227
2025-07-29,Zlata Shine,228
2025-07-29,Melody Mynx,229
2025-07-29,Emily Willis,230
2025-07-29,Eva Ray,231
2025-07-29,Sara Rich,232
2025-07-29,Lily Bella,233
2025-07-29,Violet Pretty,234
2025-07-29,Hot Pearl,235
2025-07-29,Nikky Dream,236
2025-07-29,Lucy Foxx,237
2025-07-29,Beverly Hillson,238
2025-07-29,zoebytheriver,239
2025-07-29,Alrox,240
2025-07-29,River Lynn,241
2025-07-29,Jade Valentine,242
2025-07-29,Rose Carter,243
2025-07-29,Ivi Rein,244
2025-07-29,Sydney Paige,245
2025-07-29,Serena Sterling,246
2025-07-29,Kristina Grace,247
2025-07-29,Kaira Love,248
2025-07-29,Talia Mint,249
2025-07-29,Alice Flore,250
2025-07-29,Fiona Frost,251
2025-07-29,Stella Sedona,252
2025-07-29,Siri Dahl,253
2025-07-29,Sandrillon,254
2025-07-29,Melena Maria Rya,255
2025-07-29,Silvia Soprano,256
2025-07-29,Melissa Stratton,257
2025-07-29,Sara Heat,258
2025-07-29,Zuzu Sweet,259
2025-07-29,Clea Gaultier,260
2025-07-29,Sara Latina,261
2025-07-29,KRISSY LYNN,262
2025-07-29,Graycee Baybee,263
2025-07-29,Stella Cox,264
2025-07-29,April Olsen,265
2025-07-29,Amber Maddie,266
2025-07-29,Laura Bentley,267
2025-07-29,Dharma Jones,268
2025-07-29,Remy LaCroix,269
2025-07-29,Kitty Lovedream,270
2025-07-29,Sophia Burns,271
2025-07-29,Julia Morozzi,272
2025-07-29,Isabella D,273
2025-07-29,Renee Rose,274
2025-07-29,Freya von Doom,275
2025-07-29,Anika Now,276
2025-07-29,Violet Joly,277
2025-07-29,Anna Claire Clouds,278
2025-07-29,Lucky Bee,279
2025-07-29,Hazel Moore,280
2025-07-29,Chrissy,281
2025-07-29,Valeria Borghese,282
2025-07-29,Lulu Love,283
2025-07-29,SAHARA SKYE,284
2025-07-29,Alika Alba,285
2025-07-29,Nina Nix,286
2025-07-29,Claudia Bavel,287
2025-07-29,Rayveness,288
2025-07-29,Blue Wave,289
2025-07-29,Stella Bliss,290
2025-07-29,Christy Love,291
2025-07-29,RAVEN LANE,292
2025-07-29,Keira Love,293
2025-07-29,Mina Kali,294
2025-07-29,Serina Gomez,295
2025-07-29,Eliza Ibarra,296
2025-07-29,Aurelly Rebel,297
2025-07-29,Cherry X,298
2025-07-29,Elsa Violet,299
2025-07-29,KittyKristen,300
2025-07-29,PE,301
2025-07-29,Juju la bretonne,302
2025-07-29,Penny Flame,303
2025-07-29,Maddy Nelson,304
2025-07-29,HD,305
2025-07-29,PARADISEHILL.cc CHAT 18+,306
2025-07-29,Stacy Bloom,307
2025-07-29,Sammyyy Stonerrr,308
2025-07-29,Ava Austen,309
2025-07-29,morgpie,310
2025-07-29,Mira Wair,311
2025-07-29,Public,312
2025-07-29,TUSHY,313
2025-07-29,Georgia Jones,314
2025-07-29,Jillian Janson,315
2025-07-29,Anna De Ville,316
2025-07-29,Lily Love,317
2025-07-29,Mya Lorenn,318
2025-07-29,Merida Sat,319
2025-07-29,Chloe Temple,320
2025-07-29,Lindsay Lee,321
2025-07-29,Nika A,322
2025-07-29,Catherine Knight,323
2025-07-29,Valkiria Lapiedra,324
2025-07-29,Juilie Robbie,325
2025-07-29,Kallie Taylor,326
2025-07-29,Renata Foxx,327
2025-07-29,Riley Jacobs,328
2025-07-29,Madison Moores,329
2025-07-29,cristina plaza aa,330
2025-07-29,Cindy Shine,331
2025-07-29,Eva Cela,332
2025-07-29,Alana Cruise,333
2025-07-29,Lauren Phillips,334
2025-07-29,Alex Coal,1
2025-07-29,Millie Morgan,2
2025-07-29,Katrina Colt,3
2025-07-29,Eva Lovia,4
2025-07-29,Chanel Camryn,5
2025-07-29,Jia Lissa,6
2025-07-29,Adriana Chechik,7
2025-07-29,Abigail Mac,8
2025-07-29,Aidra Fox,9
2025-07-29,Octavia Red,10
2025-07-29,Alexis Crystal,11
2025-07-29,Antonia Sainz,12
2025-07-29,Jessica Ryan,13
2025-07-29,Kira Queen,14
2025-07-29,Tori Black,15
2025-07-29,Cassidy Klein,16
2025-07-29,Josephine Jackson,17
2025-07-29,Sybil A,18
2025-07-29,Vintage,19
2025-07-29,Lady Lyne,20
2025-07-29,Cory Chase,21
2025-07-29,Laney Grey,22
2025-07-29,Aubree Valentine,23
2025-07-29,Nephael,24
2025-07-29,Anya Olsen,25
2025-07-29,Cadence Lux,26
2025-07-29,Little Caprice,27
2025-07-29,Ella Hughes,28
2025-07-29,Lily LaBeau,29
2025-07-29,Anita Rover,30
2025-07-29,Serenity Cox,31
2025-07-29,Betzz,32
2025-07-29,Flashing Emma,33
2025-07-29,REBECCA VOLPETTI,34
2025-07-29,CHARLIE FORDE,35
2025-07-29,Crystal Clark,36
2025-07-29,Full Movies,37
2025-07-29,Stacy Cruz,38
2025-07-29,Lexi Luna,39
2025-07-29,Olive Glass,40
2025-07-29,Jessie and Jackson,41
2025-07-29,Melissa sexy hippies,42
2025-07-29,Katie Kush,43
2025-07-29,Brett Rossi,44
2025-07-29,Nikita Bellucci,45
2025-07-29,Kenzie Love,46
2025-07-29,Lexi Dona,47
2025-07-29,Lily Lou,48
2025-07-29,Calita Fire,49
2025-07-29,Gal Ritchie,50
2025-07-29,Dolly Dyson,51
2025-07-29,Penny Barber,52
2025-07-29,Sarah Vandella,53
2025-07-29,Cherry Kiss,54
2025-07-29,Britney Amber,55
2025-07-29,EMILY THORNE,56
2025-07-29,Laure Zecchi,57
2025-07-29,Helena Valle,58
2025-07-29,Annie King,59
2025-07-29,Dani Daniels,60
2025-07-29,Jadilica - Leo Ahsoka,61
2025-07-29,Casey Calvert,62
2025-07-29,Angel Young💋,63
2025-07-29,Lena Paul,64
2025-07-29,Amirah Adara,65
2025-07-29,Bonnie Blue,66
2025-07-29,Angela White,67
2025-07-29,Lilith - Berta Lusty - Felice Morgan,68
2025-07-29,Emma Klein,69
2025-07-29,Joanna Angel,70
2025-07-29,Cherie Deville,71
2025-07-29,Eve Sweet,72
2025-07-29,Lea Pam,73
2025-07-29,Tiffany Leiddi,74
2025-07-29,Andi Rose,75
2025-07-29,Paige Owens,76
2025-07-29,Sumiko,77
2025-07-29,Hailey Rose,78
2025-07-29,Riley Reid,79
2025-07-29,Julia Roca,80
2025-07-29,Helena Price,81
2025-07-29,poppynzach,82
2025-07-29,Mia Malkova,83
2025-07-29,Layla Scarlet,84
2025-07-29,Mia melano,85
2025-07-29,annaplusone,86
2025-07-29,Freya Parker,87
2025-07-29,Aaliyah Love,88
2025-07-29,Agatha Vega,89
2025-07-29,Nicole Emma Vaunt,90
2025-07-29,Charlotte Stokely,91
2025-07-29,Addison Lee,92
2025-07-29,Ophelia Kaan,93
2025-07-29,Ana B,94
2025-07-29,Marie Berger,95
2025-07-29,Savvy Suxx,96
2025-07-29,Nikki Zee,97
2025-07-29,Olivia Sparkle,98
2025-07-29,Chloe Duval,99
2025-07-29,Jeny Smith,100
2025-07-29,maitland ward,101
2025-07-29,Vanna Bardot,102
2025-07-29,Molly Little,103
2025-07-29,Sata Jones,104
2025-07-29,Sloan Harper,105
2025-07-29,Ava Moore,106
2025-07-29,Sharon White,107
2025-07-29,Innocent hotwife,108
2025-07-29,Jane Wilde,109
2025-07-29,Theodora Day,110
2025-07-29,Eden Moore,111
2025-07-29,Lullabyebye,112
2025-07-29,Lena Coxx,113
2025-07-29,LaSirena69,114
2025-07-29,Leya Desantis,115
2025-07-29,Amelia Ost,116
2025-07-29,Kinuski,117
2025-07-29,Alexa Tomas,118
2025-07-29,Eden Ivy,119
2025-07-29,JULIALEXXX,120
2025-07-29,Charlie Red,121
2025-07-29,Kendra Lust,122
2025-07-29,Veronica Weston,123
2025-07-29,Ivey Passion,124
2025-07-29,Milan Cheek,125
2025-07-29,Emma Ruby,126
2025-07-29,Spencer Bradley,127
2025-07-29,Blake Blossom,128
2025-07-29,Nickey Huntsman,129
2025-07-29,Roxy Muray,130
2025-07-29,Valentina Nappi,131
2025-07-29,Alina Lopez,132
2025-07-29,Erin Moore,133
2025-07-29,Alice adorable,134
2025-07-29,Venus Valencia,135
2025-07-29,Nadia Foxx,136
2025-07-29,Alice Klay,137
2025-07-29,Whitney Wright,138
2025-07-29,Chanel Preston,139
2025-07-29,Slimthick Vic,140
2025-07-29,Melody Mae,141
2025-07-29,Katy Rose,142
2025-07-29,Jeniffer Flex,143
2025-07-29,Nesty,144
2025-07-29,JILL KASSIDY,145
2025-07-29,Sophie Choeur,146
2025-07-29,Pristine Edge,147
2025-07-29,Cherry Candle,148
2025-07-29,Miriam Sinn Nimfa Nice,149
2025-07-29,Bella Rolland,150
2025-07-29,Jesse Pony,151
2025-07-29,Stoya,152
2025-07-29,Lucy Mendez,153
2025-07-29,NakedBakers,154
2025-07-29,Stella Luxx,155
2025-07-29,Maddy Keys,156
2025-07-29,Alice Drake,157
2025-07-29,Sandy Cheeks,158
2025-07-29,Sveltelana,159
2025-07-29,Anissa Kate,160
2025-07-29,Daruma Rai,161
2025-07-29,Whitney OC,162
2025-07-29,Molly Quinn,163
2025-07-29,KENDRA SUNDERLAND,164
2025-07-29,LIZ RAINBOW,165
2025-07-29,Eva Berger,166
2025-07-29,Jenna Sativa,167
2025-07-29,Barbie Feels,168
2025-07-29,Kayden Kross,169
2025-07-29,Veronica Sanchez,170
2025-07-29,Lottie Magne,171
2025-07-29,Cheerleader Kait,172
2025-07-29,ChihuahuaSU,173
2025-07-29,Cassie Del Isla,174
2025-07-29,Carter Cruise,175
2025-07-29,Alice Nice,176
2025-07-29,Jayde Symz,177
2025-07-29,India Summer,178
2025-07-29,Candy Alexa,179
2025-07-29,Lindsey Lakes,180
2025-07-29,Lola Bredly,181
2025-07-29,Vixi Rafi,182
2025-07-29,Liz Jordan,183
2025-07-29,Angelika Grays,184
2025-07-29,Lilly Bella,185
2025-07-29,Isabella Rose,186
2025-07-29,Victoria Brennan,187
2025-07-29,Gypsy Rose,188
2025-07-29,Mary Rock,189
2025-07-29,Leanne Lace,190
2025-07-29,Clemence Audiard,191
2025-07-29,Casey Nohrman,192
2025-07-29,Mila Pie,193
2025-07-29,Thea Lun,194
2025-07-29,🗂INDEX,195
2025-07-29,Reagan Foxx,196
2025-07-29,Keisha Grey,197
2025-07-29,Kimberly Kane,198
2025-07-29,Bobbi Starr,199
2025-07-29,Dee Vine,200
2025-07-29,Rebel Rhyder,201
2025-07-29,Candee Licious,202
2025-07-29,Samantha Bentley,203
2025-07-29,Alexa Grace,204
2025-07-29,Conny Carter,205
2025-07-29,Anny Swix,206
2025-07-29,Ovidie,207
2025-07-29,Alexis Deen,208
2025-07-29,Layla London,209
2025-07-29,Paulina Soul,210
2025-07-29,Jade Nile,211
2025-07-29,Ally Breelsen,212
2025-07-29,Ivy Ireland,213
2025-07-29,Krystal Sparks,214
2025-07-29,Dolly Diore,215
2025-07-29,Nicole Murkovski,216
2025-07-29,Gracie Gates,217
2025-07-29,Aften Opal,218
2025-07-29,Alecia Fox,219
2025-07-29,Ambra Dolce,220
2025-07-29,Evelyn Claire,221
2025-07-29,Bree Daniels,222
2025-07-29,Andrea Lapiedra,223
2025-07-29,Naomi Wildman,224
2025-07-29,Loli Pop,225
2025-07-29,Amy Douxxx,226
2025-07-29,Lisa Belys,227
2025-07-29,Zlata Shine,228
2025-07-29,Melody Mynx,229
2025-07-29,Emily Willis,230
2025-07-29,Eva Ray,231
2025-07-29,Sara Rich,232
2025-07-29,Lily Bella,233
2025-07-29,Violet Pretty,234
2025-07-29,Hot Pearl,235
2025-07-29,Nikky Dream,236
2025-07-29,Lucy Foxx,237
2025-07-29,Beverly Hillson,238
2025-07-29,zoebytheriver,239
2025-07-29,Alrox,240
2025-07-29,River Lynn,241
2025-07-29,Jade Valentine,242
2025-07-29,Rose Carter,243
2025-07-29,Ivi Rein,244
2025-07-29,Sydney Paige,245
2025-07-29,Serena Sterling,246
2025-07-29,Kristina Grace,247
2025-07-29,Kaira Love,248
2025-07-29,Talia Mint,249
2025-07-29,Alice Flore,250
2025-07-29,Fiona Frost,251
2025-07-29,Stella Sedona,252
2025-07-29,Siri Dahl,253
2025-07-29,Sandrillon,254
2025-07-29,Melena Maria Rya,255
2025-07-29,Silvia Soprano,256
2025-07-29,Melissa Stratton,257
2025-07-29,Sara Heat,258
2025-07-29,Zuzu Sweet,259
2025-07-29,Clea Gaultier,260
2025-07-29,Sara Latina,261
2025-07-29,KRISSY LYNN,262
2025-07-29,Graycee Baybee,263
2025-07-29,Stella Cox,264
2025-07-29,Amber Maddie,265
2025-07-29,April Olsen,266
2025-07-29,Laura Bentley,267
2025-07-29,Dharma Jones,268
2025-07-29,Remy LaCroix,269
2025-07-29,Kitty Lovedream,270
2025-07-29,Sophia Burns,271
2025-07-29,Julia Morozzi,272
2025-07-29,Isabella D,273
2025-07-29,Renee Rose,274
2025-07-29,Freya von Doom,275
2025-07-29,Anika Now,276
2025-07-29,Violet Joly,277
2025-07-29,Anna Claire Clouds,278
2025-07-29,Lucky Bee,279
2025-07-29,Hazel Moore,280
2025-07-29,Valeria Borghese,281
2025-07-29,Chrissy,282
2025-07-29,Lulu Love,283
2025-07-29,SAHARA SKYE,284
2025-07-29,Alika Alba,285
2025-07-29,Nina Nix,286
2025-07-29,Claudia Bavel,287
2025-07-29,Rayveness,288
2025-07-29,Blue Wave,289
2025-07-29,Stella Bliss,290
2025-07-29,Christy Love,291
2025-07-29,RAVEN LANE,292
2025-07-29,Keira Love,293
2025-07-29,Mina Kali,294
2025-07-29,Serina Gomez,295
2025-07-29,Eliza Ibarra,296
2025-07-29,Aurelly Rebel,297
2025-07-29,Cherry X,298
2025-07-29,Elsa Violet,299
2025-07-29,KittyKristen,300
2025-07-29,PE,301
2025-07-29,Juju la bretonne,302
2025-07-29,Penny Flame,303
2025-07-29,Maddy Nelson,304
2025-07-29,HD,305
2025-07-29,PARADISEHILL.cc CHAT 18+,306
2025-07-29,Stacy Bloom,307
2025-07-29,Sammyyy Stonerrr,308
2025-07-29,Ava Austen,309
2025-07-29,morgpie,310
2025-07-29,Mira Wair,311
2025-07-29,Public,312
2025-07-29,TUSHY,313
2025-07-29,Georgia Jones,314
2025-07-29,Jillian Janson,315
2025-07-29,Anna De Ville,316
2025-07-29,Lily Love,317
2025-07-29,Mya Lorenn,318
2025-07-29,Merida Sat,319
2025-07-29,Chloe Temple,320
2025-07-29,Lindsay Lee,321
2025-07-29,Nika A,322
2025-07-29,Catherine Knight,323
2025-07-29,Valkiria Lapiedra,324
2025-07-29,Juilie Robbie,325
2025-07-29,Kallie Taylor,326
2025-07-29,Renata Foxx,327
2025-07-29,Riley Jacobs,328
2025-07-29,Madison Moores,329
2025-07-29,cristina plaza aa,330
2025-07-29,Cindy Shine,331
2025-07-29,Eva Cela,332
2025-07-29,Alana Cruise,333
2025-07-29,Lauren Phillips,334
2025-08-09,Alex Coal,1
2025-08-09,Millie Morgan,2
2025-08-09,Katrina Colt,3
2025-08-09,Eva Lovia,4
2025-08-09,Chanel Camryn,5
2025-08-09,Jia Lissa,6
2025-08-09,Adriana Chechik,7
2025-08-09,Abigail Mac,8
2025-08-09,Aidra Fox,9
2025-08-09,Octavia Red,10
2025-08-09,Alexis Crystal,11
2025-08-09,Antonia Sainz,12
2025-08-09,Jessica Ryan,13
2025-08-09,Kira Queen,14
2025-08-09,Tori Black,15
2025-08-09,Cassidy Klein,16
2025-08-09,Josephine Jackson,17
2025-08-09,Sybil A,18
2025-08-09,Vintage,19
2025-08-09,Lady Lyne,20
2025-08-09,Cory Chase,21
2025-08-09,Laney Grey,22
2025-08-09,Aubree Valentine,23
2025-08-09,Nephael,24
2025-08-09,Anya Olsen,25
2025-08-09,Lily LaBeau,26
2025-08-09,Cadence Lux,27
2025-08-09,Little Caprice,28
2025-08-09,Ella Hughes,29
2025-08-09,Anita Rover,30
2025-08-09,Serenity Cox,31
2025-08-09,Betzz,32
2025-08-09,Flashing Emma,33
2025-08-09,REBECCA VOLPETTI,34
2025-08-09,CHARLIE FORDE,35
2025-08-09,Crystal Clark,36
2025-08-09,Full Movies,37
2025-08-09,Stacy Cruz,38
2025-08-09,Lexi Luna,39
2025-08-09,Olive Glass,40
2025-08-09,Jessie and Jackson,41
2025-08-09,Melissa sexy hippies,42
2025-08-09,Katie Kush,43
2025-08-09,Brett Rossi,44
2025-08-09,Penny Barber,45
2025-08-09,Nikita Bellucci,46
2025-08-09,Kenzie Love,47
2025-08-09,Lexi Dona,48
2025-08-09,Lily Lou,49
2025-08-09,Calita Fire,50
2025-08-09,Gal Ritchie,51
2025-08-09,Dolly Dyson,52
2025-08-09,Sarah Vandella,53
2025-08-09,Cherry Kiss,54
2025-08-09,Britney Amber,55
2025-08-09,EMILY THORNE,56
2025-08-09,Laure Zecchi,57
2025-08-09,Helena Valle,58
2025-08-09,Annie King,59
2025-08-09,Dani Daniels,60
2025-08-09,Angel Young💋,61
2025-08-09,Jadilica - Leo Ahsoka,62
2025-08-09,Casey Calvert,63
2025-08-09,Lena Paul,64
2025-08-09,Amirah Adara,65
2025-08-09,Bonnie Blue,66
2025-08-09,Sumiko,67
2025-08-09,Angela White,68
2025-08-09,Lilith - Berta Lusty - Felice Morgan,69
2025-08-09,Emma Klein,70
2025-08-09,Joanna Angel,71
2025-08-09,Lea Pam,72
2025-08-09,Cherie Deville,73
2025-08-09,Eve Sweet,74
2025-08-09,Tiffany Leiddi,75
2025-08-09,Andi Rose,76
2025-08-09,Paige Owens,77
2025-08-09,Hailey Rose,78
2025-08-09,Riley Reid,79
2025-08-09,Julia Roca,80
2025-08-09,Helena Price,81
2025-08-09,poppynzach,82
2025-08-09,Mia Malkova,83
2025-08-09,Layla Scarlet,84
2025-08-09,Mia melano,85
2025-08-09,annaplusone,86
2025-08-09,Freya Parker,87
2025-08-09,Aaliyah Love,88
2025-08-09,Agatha Vega,89
2025-08-09,Nicole Emma Vaunt,90
2025-08-09,Charlotte Stokely,91
2025-08-09,Addison Lee,92
2025-08-09,Lena Coxx,93
2025-08-09,Ophelia Kaan,94
2025-08-09,Ana B,95
2025-08-09,Marie Berger,96
2025-08-09,Savvy Suxx,97
2025-08-09,Nikki Zee,98
2025-08-09,Olivia Sparkle,99
2025-08-09,Chloe Duval,100
2025-08-09,Jeny Smith,101
2025-08-09,maitland ward,102
2025-08-09,Vanna Bardot,103
2025-08-09,Roxy Muray,104
2025-08-09,Molly Little,105
2025-08-09,Sata Jones,106
2025-08-09,Sloan Harper,107
2025-08-09,Ava Moore,108
2025-08-09,Sharon White,109
2025-08-09,Innocent hotwife,110
2025-08-09,Jane Wilde,111
2025-08-09,Theodora Day,112
2025-08-09,Eden Moore,113
2025-08-09,Lullabyebye,114
2025-08-09,LaSirena69,115
2025-08-09,Leya Desantis,116
2025-08-09,Amelia Ost,117
2025-08-09,Kinuski,118
2025-08-09,Alexa Tomas,119
2025-08-09,Eden Ivy,120
2025-08-09,JULIALEXXX,121
2025-08-09,Charlie Red,122
2025-08-09,Kendra Lust,123
2025-08-09,Veronica Weston,124
2025-08-09,Ivey Passion,125
2025-08-09,Milan Cheek,126
2025-08-09,Emma Ruby,127
2025-08-09,Spencer Bradley,128
2025-08-09,Blake Blossom,129
2025-08-09,Nickey Huntsman,130
2025-08-09,Alina Lopez,131
2025-08-09,Valentina Nappi,132
2025-08-09,Erin Moore,133
2025-08-09,Alice adorable,134
2025-08-09,Venus Valencia,135
2025-08-09,Nadia Foxx,136
2025-08-09,Alice Klay,137
2025-08-09,Whitney Wright,138
2025-08-09,Chanel Preston,139
2025-08-09,Slimthick Vic,140
2025-08-09,Melody Mae,141
2025-08-09,Katy Rose,142
2025-08-09,Jeniffer Flex,143
2025-08-09,Nesty,144
2025-08-09,JILL KASSIDY,145
2025-08-09,Sophie Choeur,146
2025-08-09,Pristine Edge,147
2025-08-09,Cherry Candle,148
2025-08-09,Miriam Sinn Nimfa Nice,149
2025-08-09,Bella Rolland,150
2025-08-09,Nicole Murkovski,151
2025-08-09,Bobbi Starr,152
2025-08-09,Stoya,153
2025-08-09,Jesse Pony,154
2025-08-09,Lucy Mendez,155
2025-08-09,NakedBakers,156
2025-08-09,Stella Luxx,157
2025-08-09,Maddy Keys,158
2025-08-09,Alice Drake,159
2025-08-09,Sandy Cheeks,160
2025-08-09,Sveltelana,161
2025-08-09,Anissa Kate,162
2025-08-09,Daruma Rai,163
2025-08-09,Whitney OC,164
2025-08-09,Molly Quinn,165
2025-08-09,KENDRA SUNDERLAND,166
2025-08-09,LIZ RAINBOW,167
2025-08-09,Eva Berger,168
2025-08-09,Jenna Sativa,169
2025-08-09,Barbie Feels,170
2025-08-09,Kayden Kross,171
2025-08-09,Veronica Sanchez,172
2025-08-09,Lottie Magne,173
2025-08-09,Sky Wonderland,174
2025-08-09,PE,175
2025-08-09,Cheerleader Kait,176
2025-08-09,ChihuahuaSU,177
2025-08-09,Cassie Del Isla,178
2025-08-09,Carter Cruise,179
2025-08-09,Alice Nice,180
2025-08-09,Jayde Symz,181
2025-08-09,India Summer,182
2025-08-09,Candy Alexa,183
2025-08-09,Lola Bredly,184
2025-08-09,Lindsey Lakes,185
2025-08-09,Vixi Rafi,186
2025-08-09,Liz Jordan,187
2025-08-09,Angelika Grays,188
2025-08-09,Lilly Bella,189
2025-08-09,Isabella Rose,190
2025-08-09,Victoria Brennan,191
2025-08-09,Gypsy Rose,192
2025-08-09,Mary Rock,193
2025-08-09,Leanne Lace,194
2025-08-09,Clemence Audiard,195
2025-08-09,Casey Nohrman,196
2025-08-09,Mila Pie,197
2025-08-09,Thea Lun,198
2025-08-09,🗂INDEX,199
2025-08-09,Reagan Foxx,200
2025-08-09,Keisha Grey,201
2025-08-09,Kimberly Kane,202
2025-08-09,Dee Vine,203
2025-08-09,Rebel Rhyder,204
2025-08-09,Candee Licious,205
2025-08-09,Samantha Bentley,206
2025-08-09,Alexa Grace,207
2025-08-09,Conny Carter,208
2025-08-09,Anny Swix,209
2025-08-09,Ovidie,210
2025-08-09,Alexis Deen,211
2025-08-09,Layla London,212
2025-08-09,Paulina Soul,213
2025-08-09,Jade Nile,214
2025-08-09,Ally Breelsen,215
2025-08-09,Dolly Diore,216
2025-08-09,Krystal Sparks,217
2025-08-09,Gracie Gates,218
2025-08-09,Aften Opal,219
2025-08-09,Alecia Fox,220
2025-08-09,Ambra Dolce,221
2025-08-09,Evelyn Claire,222
2025-08-09,Bree Daniels,223
2025-08-09,Ivy Ireland,224
2025-08-09,Andrea Lapiedra,225
2025-08-09,Naomi Wildman,226
2025-08-09,Loli Pop,227
2025-08-09,Amy Douxxx,228
2025-08-09,Lisa Belys,229
2025-08-09,Zlata Shine,230
2025-08-09,Melody Mynx,231
2025-08-09,Emily Willis,232
2025-08-09,Sara Rich,233
2025-08-09,Eva Ray,234
2025-08-09,Lily Bella,235
2025-08-09,Violet Pretty,236
2025-08-09,Hot Pearl,237
2025-08-09,Nikky Dream,238
2025-08-09,Lucy Foxx,239
2025-08-09,Beverly Hillson,240
2025-08-09,zoebytheriver,241
2025-08-09,Alrox,242
2025-08-09,Jade Valentine,243
2025-08-09,River Lynn,244
2025-08-09,Rose Carter,245
2025-08-09,Ivi Rein,246
2025-08-09,Sydney Paige,247
2025-08-09,Serena Sterling,248
2025-08-09,Kristina Grace,249
2025-08-09,Kaira Love,250
2025-08-09,Talia Mint,251
2025-08-09,Alice Flore,252
2025-08-09,Fiona Frost,253
2025-08-09,Siri Dahl,254
2025-08-09,Stella Sedona,255
2025-08-09,Sandrillon,256
2025-08-09,Melena Maria Rya,257
2025-08-09,Silvia Soprano,258
2025-08-09,Melissa Stratton,259
2025-08-09,Zuzu Sweet,260
2025-08-09,Clea Gaultier,261
2025-08-09,Sara Heat,262
2025-08-09,Sara Latina,263
2025-08-09,KRISSY LYNN,264
2025-08-09,Graycee Baybee,265
2025-08-09,Stella Cox,266
2025-08-09,April Olsen,267
2025-08-09,Amber Maddie,268
2025-08-09,Laura Bentley,269
2025-08-09,Dharma Jones,270
2025-08-09,Remy LaCroix,271
2025-08-09,Kitty Lovedream,272
2025-08-09,Sophia Burns,273
2025-08-09,Julia Morozzi,274
2025-08-09,Isabella D,275
2025-08-09,Renee Rose,276
2025-08-09,Freya von Doom,277
2025-08-09,Anika Now,278
2025-08-09,Violet Joly,279
2025-08-09,Anna Claire Clouds,280
2025-08-09,Lucky Bee,281
2025-08-09,Hazel Moore,282
2025-08-09,Valeria Borghese,283
2025-08-09,Chrissy,284
2025-08-09,SAHARA SKYE,285
2025-08-09,Lulu Love,286
2025-08-09,Alika Alba,287
2025-08-09,Nina Nix,288
2025-08-09,Claudia Bavel,289
2025-08-09,Blue Wave,290
2025-08-09,Rayveness,291
2025-08-09,Stella Bliss,292
2025-08-09,Christy Love,293
2025-08-09,RAVEN LANE,294
2025-08-09,Keira Love,295
2025-08-09,Mina Kali,296
2025-08-09,Serina Gomez,297
2025-08-09,Eliza Ibarra,298
2025-08-09,Cherry X,299
2025-08-09,Aurelly Rebel,300
2025-08-09,Elsa Violet,301
2025-08-09,KittyKristen,302
2025-08-09,Juju la bretonne,303
2025-08-09,Penny Flame,304
2025-08-09,Maddy Nelson,305
2025-08-09,HD,306
2025-08-09,PARADISEHILL.cc CHAT 18+,307
2025-08-09,Stacy Bloom,308
2025-08-09,Sammyyy Stonerrr,309
2025-08-09,Ava Austen,310
2025-08-09,morgpie,311
2025-08-09,Mira Wair,312
2025-08-09,Public,313
2025-08-09,TUSHY,314
2025-08-09,Georgia Jones,315
2025-08-09,Jillian Janson,316
2025-08-09,Anna De Ville,317
2025-08-09,Lily Love,318
2025-08-09,Mya Lorenn,319
2025-08-09,Merida Sat,320
2025-08-09,Chloe Temple,321
2025-08-09,Lindsay Lee,322
2025-08-09,Nika A,323
2025-08-09,Catherine Knight,324
2025-08-09,Valkiria Lapiedra,325
2025-08-09,Juilie Robbie,326
2025-08-09,Kallie Taylor,327
2025-08-09,Renata Foxx,328
2025-08-09,Riley Jacobs,329
2025-08-09,Madison Moores,330
2025-08-09,cristina plaza aa,331
2025-08-09,Cindy Shine,332
2025-08-09,Eva Cela,333
2025-08-09,Alana Cruise,334
2025-08-09,Lauren Phillips,335
2025-08-10,Alex Coal,1
2025-08-10,Millie Morgan,2
2025-08-10,Katrina Colt,3
2025-08-10,Eva Lovia,4
2025-08-10,Chanel Camryn,5
2025-08-10,Jia Lissa,6
2025-08-10,Adriana Chechik,7
2025-08-10,Abigail Mac,8
2025-08-10,Aidra Fox,9
2025-08-10,Octavia Red,10
2025-08-10,Alexis Crystal,11
2025-08-10,Antonia Sainz,12
2025-08-10,Jessica Ryan,13
2025-08-10,Kira Queen,14
2025-08-10,Tori Black,15
2025-08-10,Cassidy Klein,16
2025-08-10,Josephine Jackson,17
2025-08-10,Sybil A,18
2025-08-10,Vintage,19
2025-08-10,Lady Lyne,20
2025-08-10,Cory Chase,21
2025-08-10,Laney Grey,22
2025-08-10,Anya Olsen,23
2025-08-10,Aubree Valentine,24
2025-08-10,Nephael,25
2025-08-10,Betzz,26
2025-08-10,Lily LaBeau,27
2025-08-10,Cadence Lux,28
2025-08-10,Little Caprice,29
2025-08-10,Ella Hughes,30
2025-08-10,Anita Rover,31
2025-08-10,Serenity Cox,32
2025-08-10,Flashing Emma,33
2025-08-10,CHARLIE FORDE,34
2025-08-10,REBECCA VOLPETTI,35
2025-08-10,Crystal Clark,36
2025-08-10,Full Movies,37
2025-08-10,Stacy Cruz,38
2025-08-10,Katie Kush,39
2025-08-10,Lexi Luna,40
2025-08-10,Olive Glass,41
2025-08-10,Jessie and Jackson,42
2025-08-10,Melissa sexy hippies,43
2025-08-10,Brett Rossi,44
2025-08-10,Gal Ritchie,45
2025-08-10,Penny Barber,46
2025-08-10,Nikita Bellucci,47
2025-08-10,Kenzie Love,48
2025-08-10,Lexi Dona,49
2025-08-10,Lily Lou,50
2025-08-10,Calita Fire,51
2025-08-10,Dolly Dyson,52
2025-08-10,Sarah Vandella,53
2025-08-10,Annie King,54
2025-08-10,Cherry Kiss,55
2025-08-10,Britney Amber,56
2025-08-10,EMILY THORNE,57
2025-08-10,Laure Zecchi,58
2025-08-10,Helena Valle,59
2025-08-10,Dani Daniels,60
2025-08-10,Angel Young💋,61
2025-08-10,Jadilica - Leo Ahsoka,62
2025-08-10,Casey Calvert,63
2025-08-10,Lena Paul,64
2025-08-10,Amirah Adara,65
2025-08-10,Bonnie Blue,66
2025-08-10,Lea Pam,67
2025-08-10,Angela White,68
2025-08-10,Sumiko,69
2025-08-10,Lilith - Berta Lusty - Felice Morgan,70
2025-08-10,Emma Klein,71
2025-08-10,Joanna Angel,72
2025-08-10,Cherie Deville,73
2025-08-10,Eve Sweet,74
2025-08-10,Tiffany Leiddi,75
2025-08-10,Andi Rose,76
2025-08-10,Paige Owens,77
2025-08-10,Riley Reid,78
2025-08-10,Hailey Rose,79
2025-08-10,Julia Roca,80
2025-08-10,Mia Malkova,81
2025-08-10,Helena Price,82
2025-08-10,poppynzach,83
2025-08-10,Layla Scarlet,84
2025-08-10,Nikki Zee,85
2025-08-10,Mia melano,86
2025-08-10,annaplusone,87
2025-08-10,Freya Parker,88
2025-08-10,Aaliyah Love,89
2025-08-10,Agatha Vega,90
2025-08-10,Nicole Emma Vaunt,91
2025-08-10,Charlotte Stokely,92
2025-08-10,Addison Lee,93
2025-08-10,Lena Coxx,94
2025-08-10,Ophelia Kaan,95
2025-08-10,Ana B,96
2025-08-10,Marie Berger,97
2025-08-10,Sharon White,98
2025-08-10,Savvy Suxx,99
2025-08-10,Olivia Sparkle,100
2025-08-10,Chloe Duval,101
2025-08-10,Jeny Smith,102
2025-08-10,maitland ward,103
2025-08-10,Vanna Bardot,104
2025-08-10,Roxy Muray,105
2025-08-10,Molly Little,106
2025-08-10,Sata Jones,107
2025-08-10,Sloan Harper,108
2025-08-10,Ava Moore,109
2025-08-10,Innocent hotwife,110
2025-08-10,Jane Wilde,111
2025-08-10,Theodora Day,112
2025-08-10,Eden Moore,113
2025-08-10,Lullabyebye,114
2025-08-10,LaSirena69,115
2025-08-10,Leya Desantis,116
2025-08-10,Amelia Ost,117
2025-08-10,Kinuski,118
2025-08-10,Alexa Tomas,119
2025-08-10,Eden Ivy,120
2025-08-10,JULIALEXXX,121
2025-08-10,Anissa Kate,122
2025-08-10,Charlie Red,123
2025-08-10,Kendra Lust,124
2025-08-10,Veronica Weston,125
2025-08-10,Ivey Passion,126
2025-08-10,Milan Cheek,127
2025-08-10,Emma Ruby,128
2025-08-10,Spencer Bradley,129
2025-08-10,Blake Blossom,130
2025-08-10,Nickey Huntsman,131
2025-08-10,Alina Lopez,132
2025-08-10,Valentina Nappi,133
2025-08-10,Erin Moore,134
2025-08-10,Alice adorable,135
2025-08-10,Venus Valencia,136
2025-08-10,Nadia Foxx,137
2025-08-10,Whitney Wright,138
2025-08-10,Alice Klay,139
2025-08-10,Chanel Preston,140
2025-08-10,Slimthick Vic,141
2025-08-10,Melody Mae,142
2025-08-10,Katy Rose,143
2025-08-10,Jeniffer Flex,144
2025-08-10,Nesty,145
2025-08-10,JILL KASSIDY,146
2025-08-10,Sophie Choeur,147
2025-08-10,Pristine Edge,148
2025-08-10,Cherry Candle,149
2025-08-10,Miriam Sinn Nimfa Nice,150
2025-08-10,Bella Rolland,151
2025-08-10,Nicole Murkovski,152
2025-08-10,Bobbi Starr,153
2025-08-10,Stoya,154
2025-08-10,Jesse Pony,155
2025-08-10,Lucy Mendez,156
2025-08-10,NakedBakers,157
2025-08-10,Stella Luxx,158
2025-08-10,Maddy Keys,159
2025-08-10,Alice Drake,160
2025-08-10,Sandy Cheeks,161
2025-08-10,Sveltelana,162
2025-08-10,Daruma Rai,163
2025-08-10,Whitney OC,164
2025-08-10,Molly Quinn,165
2025-08-10,KENDRA SUNDERLAND,166
2025-08-10,LIZ RAINBOW,167
2025-08-10,Eva Berger,168
2025-08-10,Jenna Sativa,169
2025-08-10,Barbie Feels,170
2025-08-10,Kayden Kross,171
2025-08-10,Veronica Sanchez,172
2025-08-10,Lottie Magne,173
2025-08-10,Sky Wonderland,174
2025-08-10,PE,175
2025-08-10,Cheerleader Kait,176
2025-08-10,ChihuahuaSU,177
2025-08-10,Cassie Del Isla,178
2025-08-10,Carter Cruise,179
2025-08-10,Alice Nice,180
2025-08-10,Jayde Symz,181
2025-08-10,India Summer,182
2025-08-10,Candy Alexa,183
2025-08-10,Lola Bredly,184
2025-08-10,Lindsey Lakes,185
2025-08-10,Vixi Rafi,186
2025-08-10,Liz Jordan,187
2025-08-10,Angelika Grays,188
2025-08-10,Lilly Bella,189
2025-08-10,Isabella Rose,190
2025-08-10,Victoria Brennan,191
2025-08-10,Gypsy Rose,192
2025-08-10,Mary Rock,193
2025-08-10,Leanne Lace,194
2025-08-10,Clemence Audiard,195
2025-08-10,Casey Nohrman,196
2025-08-10,Mila Pie,197
2025-08-10,Thea Lun,198
2025-08-10,🗂INDEX,199
2025-08-10,Reagan Foxx,200
2025-08-10,Keisha Grey,201
2025-08-10,Kimberly Kane,202
2025-08-10,Dee Vine,203
2025-08-10,Rebel Rhyder,204
2025-08-10,Candee Licious,205
2025-08-10,Samantha Bentley,206
2025-08-10,Alexa Grace,207
2025-08-10,Conny Carter,208
2025-08-10,Anny Swix,209
2025-08-10,Ovidie,210
2025-08-10,Alexis Deen,211
2025-08-10,Layla London,212
2025-08-10,Paulina Soul,213
2025-08-10,Jade Nile,214
2025-08-10,Ally Breelsen,215
2025-08-10,Dolly Diore,216
2025-08-10,Krystal Sparks,217
2025-08-10,Gracie Gates,218
2025-08-10,Aften Opal,219
2025-08-10,Alecia Fox,220
2025-08-10,Ambra Dolce,221
2025-08-10,Evelyn Claire,222
2025-08-10,Bree Daniels,223
2025-08-10,Ivy Ireland,224
2025-08-10,Andrea Lapiedra,225
2025-08-10,Naomi Wildman,226
2025-08-10,Loli Pop,227
2025-08-10,Amy Douxxx,228
2025-08-10,Lisa Belys,229
2025-08-10,Zlata Shine,230
2025-08-10,Melody Mynx,231
2025-08-10,Emily Willis,232
2025-08-10,Sara Rich,233
2025-08-10,Eva Ray,234
2025-08-10,Lily Bella,235
2025-08-10,Violet Pretty,236
2025-08-10,Hot Pearl,237
2025-08-10,Nikky Dream,238
2025-08-10,Lucy Foxx,239
2025-08-10,Beverly Hillson,240
2025-08-10,zoebytheriver,241
2025-08-10,Alrox,242
2025-08-10,Jade Valentine,243
2025-08-10,River Lynn,244
2025-08-10,Rose Carter,245
2025-08-10,Ivi Rein,246
2025-08-10,Sydney Paige,247
2025-08-10,Serena Sterling,248
2025-08-10,Kristina Grace,249
2025-08-10,Kaira Love,250
2025-08-10,Talia Mint,251
2025-08-10,Alice Flore,252
2025-08-10,Fiona Frost,253
2025-08-10,Siri Dahl,254
2025-08-10,Stella Sedona,255
2025-08-10,Sandrillon,256
2025-08-10,Melena Maria Rya,257
2025-08-10,Silvia Soprano,258
2025-08-10,Melissa Stratton,259
2025-08-10,Zuzu Sweet,260
2025-08-10,Clea Gaultier,261
2025-08-10,Sara Heat,262
2025-08-10,Sara Latina,263
2025-08-10,KRISSY LYNN,264
2025-08-10,Graycee Baybee,265
2025-08-10,Stella Cox,266
2025-08-10,April Olsen,267
2025-08-10,Amber Maddie,268
2025-08-10,Laura Bentley,269
2025-08-10,Dharma Jones,270
2025-08-10,Remy LaCroix,271
2025-08-10,Kitty Lovedream,272
2025-08-10,Sophia Burns,273
2025-08-10,Julia Morozzi,274
2025-08-10,Isabella D,275
2025-08-10,Renee Rose,276
2025-08-10,Freya von Doom,277
2025-08-10,Anika Now,278
2025-08-10,Violet Joly,279
2025-08-10,Anna Claire Clouds,280
2025-08-10,Lucky Bee,281
2025-08-10,Hazel Moore,282
2025-08-10,Valeria Borghese,283
2025-08-10,Chrissy,284
2025-08-10,SAHARA SKYE,285
2025-08-10,Lulu Love,286
2025-08-10,Alika Alba,287
2025-08-10,Nina Nix,288
2025-08-10,Claudia Bavel,289
2025-08-10,Blue Wave,290
2025-08-10,Rayveness,291
2025-08-10,Stella Bliss,292
2025-08-10,Christy Love,293
2025-08-10,RAVEN LANE,294
2025-08-10,Mina Kali,295
2025-08-10,Keira Love,296
2025-08-10,Serina Gomez,297
2025-08-10,Eliza Ibarra,298
2025-08-10,Cherry X,299
2025-08-10,Elsa Violet,300
2025-08-10,Aurelly Rebel,301
2025-08-10,KittyKristen,302
2025-08-10,Penny Flame,303
2025-08-10,Juju la bretonne,304
2025-08-10,Maddy Nelson,305
2025-08-10,HD,306
2025-08-10,PARADISEHILL.cc CHAT 18+,307
2025-08-10,Stacy Bloom,308
2025-08-10,Sammyyy Stonerrr,309
2025-08-10,Ava Austen,310
2025-08-10,morgpie,311
2025-08-10,Mira Wair,312
2025-08-10,Public,313
2025-08-10,TUSHY,314
2025-08-10,Georgia Jones,315
2025-08-10,Jillian Janson,316
2025-08-10,Anna De Ville,317
2025-08-10,Lily Love,318
2025-08-10,Mya Lorenn,319
2025-08-10,Merida Sat,320
2025-08-10,Chloe Temple,321
2025-08-10,Lindsay Lee,322
2025-08-10,Nika A,323
2025-08-10,Catherine Knight,324
2025-08-10,Valkiria Lapiedra,325
2025-08-10,Juilie Robbie,326
2025-08-10,Kallie Taylor,327
2025-08-10,Renata Foxx,328
2025-08-10,Riley Jacobs,329
2025-08-10,Madison Moores,330
2025-08-10,cristina plaza aa,331
2025-08-10,Cindy Shine,332
2025-08-10,Eva Cela,333
2025-08-10,Alana Cruise,334
2025-08-10,Lauren Phillips,335
2025-08-11,Alex Coal,1
2025-08-11,Millie Morgan,2
2025-08-11,Katrina Colt,3
2025-08-11,Eva Lovia,4
2025-08-11,Chanel Camryn,5
2025-08-11,Jia Lissa,6
2025-08-11,Adriana Chechik,7
2025-08-11,Abigail Mac,8
2025-08-11,Aidra Fox,9
2025-08-11,Octavia Red,10
2025-08-11,Alexis Crystal,11
2025-08-11,Antonia Sainz,12
2025-08-11,Jessica Ryan,13
2025-08-11,Kira Queen,14
2025-08-11,Tori Black,15
2025-08-11,Cassidy Klein,16
2025-08-11,Josephine Jackson,17
2025-08-11,Sybil A,18
2025-08-11,Vintage,19
2025-08-11,Lady Lyne,20
2025-08-11,Cory Chase,21
2025-08-11,Laney Grey,22
2025-08-11,Anya Olsen,23
2025-08-11,Aubree Valentine,24
2025-08-11,Nephael,25
2025-08-11,Betzz,26
2025-08-11,Lily LaBeau,27
2025-08-11,Cadence Lux,28
2025-08-11,Little Caprice,29
2025-08-11,Ella Hughes,30
2025-08-11,Anita Rover,31
2025-08-11,Serenity Cox,32
2025-08-11,Flashing Emma,33
2025-08-11,CHARLIE FORDE,34
2025-08-11,REBECCA VOLPETTI,35
2025-08-11,Crystal Clark,36
2025-08-11,Full Movies,37
2025-08-11,Stacy Cruz,38
2025-08-11,Katie Kush,39
2025-08-11,Lexi Luna,40
2025-08-11,Olive Glass,41
2025-08-11,Gal Ritchie,42
2025-08-11,Jessie and Jackson,43
2025-08-11,Melissa sexy hippies,44
2025-08-11,Brett Rossi,45
2025-08-11,Penny Barber,46
2025-08-11,Nikita Bellucci,47
2025-08-11,Kenzie Love,48
2025-08-11,Lexi Dona,49
2025-08-11,Lily Lou,50
2025-08-11,Calita Fire,51
2025-08-11,Dolly Dyson,52
2025-08-11,Sarah Vandella,53
2025-08-11,Annie King,54
2025-08-11,Cherry Kiss,55
2025-08-11,Britney Amber,56
2025-08-11,EMILY THORNE,57
2025-08-11,Laure Zecchi,58
2025-08-11,Helena Valle,59
2025-08-11,Dani Daniels,60
2025-08-11,Angel Young💋,61
2025-08-11,Jadilica - Leo Ahsoka,62
2025-08-11,Amirah Adara,63
2025-08-11,Casey Calvert,64
2025-08-11,Lena Paul,65
2025-08-11,Bonnie Blue,66
2025-08-11,Lea Pam,67
2025-08-11,Angela White,68
2025-08-11,Sumiko,69
2025-08-11,Lilith - Berta Lusty - Felice Morgan,70
2025-08-11,Emma Klein,71
2025-08-11,Joanna Angel,72
2025-08-11,Cherie Deville,73
2025-08-11,Eve Sweet,74
2025-08-11,Tiffany Leiddi,75
2025-08-11,Nikki Zee,76
2025-08-11,Andi Rose,77
2025-08-11,Paige Owens,78
2025-08-11,Riley Reid,79
2025-08-11,Hailey Rose,80
2025-08-11,Julia Roca,81
2025-08-11,Mia Malkova,82
2025-08-11,Helena Price,83
2025-08-11,poppynzach,84
2025-08-11,Layla Scarlet,85
2025-08-11,Mia melano,86
2025-08-11,annaplusone,87
2025-08-11,Freya Parker,88
2025-08-11,maitland ward,89
2025-08-11,Aaliyah Love,90
2025-08-11,Agatha Vega,91
2025-08-11,Nicole Emma Vaunt,92
2025-08-11,Charlotte Stokely,93
2025-08-11,Addison Lee,94
2025-08-11,Lena Coxx,95
2025-08-11,Ophelia Kaan,96
2025-08-11,Ana B,97
2025-08-11,Marie Berger,98
2025-08-11,Sharon White,99
2025-08-11,Savvy Suxx,100
2025-08-11,Olivia Sparkle,101
2025-08-11,Chloe Duval,102
2025-08-11,Jeny Smith,103
2025-08-11,Vanna Bardot,104
2025-08-11,Roxy Muray,105
2025-08-11,Molly Little,106
2025-08-11,Sata Jones,107
2025-08-11,Sloan Harper,108
2025-08-11,Ava Moore,109
2025-08-11,Innocent hotwife,110
2025-08-11,Jane Wilde,111
2025-08-11,Theodora Day,112
2025-08-11,Eden Moore,113
2025-08-11,Lullabyebye,114
2025-08-11,LaSirena69,115
2025-08-11,Leya Desantis,116
2025-08-11,Amelia Ost,117
2025-08-11,Kinuski,118
2025-08-11,Alexa Tomas,119
2025-08-11,Eden Ivy,120
2025-08-11,JULIALEXXX,121
2025-08-11,Whitney Wright,122
2025-08-11,Anissa Kate,123
2025-08-11,Charlie Red,124
2025-08-11,Kendra Lust,125
2025-08-11,Veronica Weston,126
2025-08-11,Ivey Passion,127
2025-08-11,Milan Cheek,128
2025-08-11,Emma Ruby,129
2025-08-11,Spencer Bradley,130
2025-08-11,Blake Blossom,131
2025-08-11,Nickey Huntsman,132
2025-08-11,Alina Lopez,133
2025-08-11,Valentina Nappi,134
2025-08-11,Erin Moore,135
2025-08-11,Alice adorable,136
2025-08-11,Venus Valencia,137
2025-08-11,Nadia Foxx,138
2025-08-11,Alice Klay,139
2025-08-11,Chanel Preston,140
2025-08-11,Slimthick Vic,141
2025-08-11,Melody Mae,142
2025-08-11,Katy Rose,143
2025-08-11,Jeniffer Flex,144
2025-08-11,Nesty,145
2025-08-11,JILL KASSIDY,146
2025-08-11,Sophie Choeur,147
2025-08-11,Pristine Edge,148
2025-08-11,Cherry Candle,149
2025-08-11,Miriam Sinn Nimfa Nice,150
2025-08-11,Bella Rolland,151
2025-08-11,Nicole Murkovski,152
2025-08-11,Bobbi Starr,153
2025-08-11,Stoya,154
2025-08-11,Jesse Pony,155
2025-08-11,Lucy Mendez,156
2025-08-11,NakedBakers,157
2025-08-11,Stella Luxx,158
2025-08-11,Maddy Keys,159
2025-08-11,Alice Drake,160
2025-08-11,Sandy Cheeks,161
2025-08-11,Sveltelana,162
2025-08-11,Daruma Rai,163
2025-08-11,Whitney OC,164
2025-08-11,Molly Quinn,165
2025-08-11,KENDRA SUNDERLAND,166
2025-08-11,LIZ RAINBOW,167
2025-08-11,Eva Berger,168
2025-08-11,Jenna Sativa,169
2025-08-11,Barbie Feels,170
2025-08-11,Kayden Kross,171
2025-08-11,Sydney Paige,172
2025-08-11,Anna Claire Clouds,173
2025-08-11,Veronica Sanchez,174
2025-08-11,Lottie Magne,175
2025-08-11,Sky Wonderland,176
2025-08-11,PE,177
2025-08-11,Cheerleader Kait,178
2025-08-11,ChihuahuaSU,179
2025-08-11,Cassie Del Isla,180
2025-08-11,Carter Cruise,181
2025-08-11,Alice Nice,182
2025-08-11,Jayde Symz,183
2025-08-11,India Summer,184
2025-08-11,Candy Alexa,185
2025-08-11,Lindsey Lakes,186
2025-08-11,Lola Bredly,187
2025-08-11,Vixi Rafi,188
2025-08-11,Liz Jordan,189
2025-08-11,Angelika Grays,190
2025-08-11,Lilly Bella,191
2025-08-11,Isabella Rose,192
2025-08-11,Victoria Brennan,193
2025-08-11,Gypsy Rose,194
2025-08-11,Mary Rock,195
2025-08-11,Leanne Lace,196
2025-08-11,Clemence Audiard,197
2025-08-11,Casey Nohrman,198
2025-08-11,Mila Pie,199
2025-08-11,Thea Lun,200
2025-08-11,🗂INDEX,201
2025-08-11,Reagan Foxx,202
2025-08-11,Keisha Grey,203
2025-08-11,Kimberly Kane,204
2025-08-11,Dee Vine,205
2025-08-11,Rebel Rhyder,206
2025-08-11,Candee Licious,207
2025-08-11,Samantha Bentley,208
2025-08-11,Alexa Grace,209
2025-08-11,Conny Carter,210
2025-08-11,Anny Swix,211
2025-08-11,Ovidie,212
2025-08-11,Alexis Deen,213
2025-08-11,Layla London,214
2025-08-11,Paulina Soul,215
2025-08-11,Jade Nile,216
2025-08-11,Ally Breelsen,217
2025-08-11,Krystal Sparks,218
2025-08-11,Dolly Diore,219
2025-08-11,Gracie Gates,220
2025-08-11,Aften Opal,221
2025-08-11,Alecia Fox,222
2025-08-11,Ambra Dolce,223
2025-08-11,Evelyn Claire,224
2025-08-11,Bree Daniels,225
2025-08-11,Ivy Ireland,226
2025-08-11,Andrea Lapiedra,227
2025-08-11,Naomi Wildman,228
2025-08-11,Loli Pop,229
2025-08-11,Amy Douxxx,230
2025-08-11,Lisa Belys,231
2025-08-11,Zlata Shine,232
2025-08-11,Melody Mynx,233
2025-08-11,Emily Willis,234
2025-08-11,Sara Rich,235
2025-08-11,Eva Ray,236
2025-08-11,Lily Bella,237
2025-08-11,Violet Pretty,238
2025-08-11,Hot Pearl,239
2025-08-11,Nikky Dream,240
2025-08-11,Lucy Foxx,241
2025-08-11,Beverly Hillson,242
2025-08-11,zoebytheriver,243
2025-08-11,Alrox,244
2025-08-11,River Lynn,245
2025-08-11,Jade Valentine,246
2025-08-11,Rose Carter,247
2025-08-11,Ivi Rein,248
2025-08-11,Serena Sterling,249
2025-08-11,Kristina Grace,250
2025-08-11,Kaira Love,251
2025-08-11,Talia Mint,252
2025-08-11,Alice Flore,253
2025-08-11,Fiona Frost,254
2025-08-11,Siri Dahl,255
2025-08-11,Stella Sedona,256
2025-08-11,Sandrillon,257
2025-08-11,Melena Maria Rya,258
2025-08-11,Silvia Soprano,259
2025-08-11,Melissa Stratton,260
2025-08-11,Sara Heat,261
2025-08-11,Zuzu Sweet,262
2025-08-11,Clea Gaultier,263
2025-08-11,Sara Latina,264
2025-08-11,KRISSY LYNN,265
2025-08-11,Graycee Baybee,266
2025-08-11,Stella Cox,267
2025-08-11,April Olsen,268
2025-08-11,Laura Bentley,269
2025-08-11,Amber Maddie,270
2025-08-11,Dharma Jones,271
2025-08-11,Remy LaCroix,272
2025-08-11,Kitty Lovedream,273
2025-08-11,Sophia Burns,274
2025-08-11,Julia Morozzi,275
2025-08-11,Isabella D,276
2025-08-11,Renee Rose,277
2025-08-11,Freya von Doom,278
2025-08-11,Anika Now,279
2025-08-11,Violet Joly,280
2025-08-11,Lucky Bee,281
2025-08-11,Hazel Moore,282
2025-08-11,Valeria Borghese,283
2025-08-11,Chrissy,284
2025-08-11,SAHARA SKYE,285
2025-08-11,Lulu Love,286
2025-08-11,Alika Alba,287
2025-08-11,Nina Nix,288
2025-08-11,Claudia Bavel,289
2025-08-11,Rayveness,290
2025-08-11,Blue Wave,291
2025-08-11,Stella Bliss,292
2025-08-11,Christy Love,293
2025-08-11,RAVEN LANE,294
2025-08-11,Mina Kali,295
2025-08-11,Keira Love,296
2025-08-11,Serina Gomez,297
2025-08-11,Eliza Ibarra,298
2025-08-11,Cherry X,299
2025-08-11,Elsa Violet,300
2025-08-11,Aurelly Rebel,301
2025-08-11,KittyKristen,302
2025-08-11,Penny Flame,303
2025-08-11,Juju la bretonne,304
2025-08-11,Maddy Nelson,305
2025-08-11,HD,306
2025-08-11,PARADISEHILL.cc CHAT 18+,307
2025-08-11,Stacy Bloom,308
2025-08-11,Sammyyy Stonerrr,309
2025-08-11,Ava Austen,310
2025-08-11,morgpie,311
2025-08-11,Mira Wair,312
2025-08-11,Public,313
2025-08-11,TUSHY,314
2025-08-11,Georgia Jones,315
2025-08-11,Jillian Janson,316
2025-08-11,Anna De Ville,317
2025-08-11,Lily Love,318
2025-08-11,Mya Lorenn,319
2025-08-11,Merida Sat,320
2025-08-11,Chloe Temple,321
2025-08-11,Lindsay Lee,322
2025-08-11,Nika A,323
2025-08-11,Catherine Knight,324
2025-08-11,Valkiria Lapiedra,325
2025-08-11,Juilie Robbie,326
2025-08-11,Kallie Taylor,327
2025-08-11,Renata Foxx,328
2025-08-11,Riley Jacobs,329
2025-08-11,Madison Moores,330
2025-08-11,cristina plaza aa,331
2025-08-11,Cindy Shine,332
2025-08-11,Eva Cela,333
2025-08-11,Alana Cruise,334
2025-08-11,Lauren Phillips,335
